Workbook

Sheet 198
A1: ID | B1: Start time | C1: Completion time | D1: Email | E1: Name | F1: Last modified time | G1: Student Roll Number | H1: Student Name | I1: Department | J1: Select Category (Interested in Placement- Choose CRT otherwise Choose Non-CRT) | K1: Are you a Day Scholar or Hosteller student? | L1: Are you willing to Register for the courses offered during summer term (June 2026) in Acceleration mode? (Classwork Start Date: 25th May 2026) | M1: cse-3 | N1: counsellor | O1: Backlogs count | P1: Backlog courses | Q1: Specialization | R1: Acceleration | S1: 2-2 semester registered course | T1: 2-2 course name | U1: acceleration choice1 | V1: acceleration1 course code | W1: acceleration2 choice | X1: acceleration2course code | Y1: acceleration choice3 | Z1: acceleration choice3 | AA1: acceleration4 choice | AB1: course code
A2: 1 | B2: 46146.645 | C2: 46146.646 | D2: 2400030812@kluniversity.in | E2: OBULAPURAM VENNELA NAIDU OBULAPURAM VENNELA NAIDU | G2: 2400030812 | H2: Obulapuram Vennela Naidu | I2: CSE-3 | J2: Non-CRT | K2: Day Scholar | L2: Yes | M2: 8.28 | N2: Ch Phanikanth | O2: 0 | P2: 0 | Q2: DATA SCIENCE AND BIG DATA ANALYTICS | R2: Eligible for Acceleration | S2: =VLOOKUP(G2,[1]fc!$B$2:$D$707,3,0) -> 24CS2255F | T2: =VLOOKUP(G2,[1]fc!$B$2:$F$707,5,0) -> ADVANCED DATA STRUCTURES | U2: 24CS2237F | V2: QUANTUM COMPUTING | W2: 24CS2255F | X2: ADVANCED DATA STRUCTURES | Y2: 24CS2263F | Z2: CYBER THREAT INTELLIGENCE | AA2: 24CS2224F | AB2: CRYPT ANALYSIS AND CYBER DEFENCE
A3: 2 | B3: 46146.954 | C3: 46146.955 | D3: 2400031751@kluniversity.in | E3: RENUKA RAMKRISHNA RAYA RENUKA RAMKRISHNA RAYA | G3: 2400031751 | H3: Renuka Raya | I3: CSE-3 | J3: CRT (Campus Recruitment Training) | K3: Hostller | L3: Yes | M3: 8.79 | N3: Ch Phanikanth | O3: 0 | P3: 0 | Q3: AI-DRIVEN LANGUAGE TECHNOLOGIES | R3: Eligible for Acceleration | S3: =VLOOKUP(G3,[1]fc!$B$2:$D$707,3,0) -> 24CS2258F | T3: =VLOOKUP(G3,[1]fc!$B$2:$F$707,5,0) -> NATURAL LANGUAGE PROCESSING | U3: 24CS2237F | V3: QUANTUM COMPUTING | W3: 24CS2255F | X3: ADVANCED DATA STRUCTURES | Y3: 24CS2227F | Z3: DATA ANALYTICS AND VISUALIZATION | AA3: 24CS2263F | AB3: CYBER THREAT INTELLIGENCE
A4: 3 | B4: 46177.482 | C4: 46177.484 | D4: 2400030587@kluniversity.in | E4: BANDLA BHARGAVI BANDLA BHARGAVI | G4: 2400030587 | H4: Bandla Bhargavi | I4: CSE-3 | J4: CRT (Campus Recruitment Training) | K4: Day Scholar | L4: Yes | M4: 8.75 | N4: Ch Phanikanth | O4: 0 | P4: 0 | Q4: CYBER SECURITY AND BLOCKCHAIN TECHNOLOGY | R4: Eligible for Acceleration | S4: =VLOOKUP(G4,[1]fc!$B$2:$D$707,3,0) -> 24CS2255F | T4: =VLOOKUP(G4,[1]fc!$B$2:$F$707,5,0) -> ADVANCED DATA STRUCTURES | U4: 24CS2237F | V4: QUANTUM COMPUTING | W4: 24CS2255F | X4: ADVANCED DATA STRUCTURES | Y4: 24CS2227F | Z4: DATA ANALYTICS AND VISUALIZATION
A5: 4 | B5: 46177.953 | C5: 46177.955 | D5: 2400032124@kluniversity.in | E5: VEGESNA UMA NAGA SAI VARSHINI VARMA VEGESNA UMA NAGA SAI VARSHINI VARMA | G5: 2400032124 | H5: V.U.N.S.Varshini | I5: CSE-3 | J5: CRT (Campus Recruitment Training) | K5: Hostller | L5: Yes | M5: 9.1 | N5: Ch Phanikanth | O5: 0 | P5: 0 | Q5: AI-DRIVEN LANGUAGE TECHNOLOGIES | R5: Eligible for Acceleration | S5: =VLOOKUP(G5,[1]fc!$B$2:$D$707,3,0) -> 24CS2258F | T5: =VLOOKUP(G5,[1]fc!$B$2:$F$707,5,0) -> NATURAL LANGUAGE PROCESSING | U5: 24CS2237F | V5: QUANTUM COMPUTING | W5: 24CS2255F | X5: ADVANCED DATA STRUCTURES | Y5: 24CS2227F | Z5: DATA ANALYTICS AND VISUALIZATION | AA5: 24CS2263F | AB5: CYBER THREAT INTELLIGENCE
A6: 5 | B6: 46207.021 | C6: 46207.024 | D6: 2400031823@kluniversity.in | E6: BATNA VISHALI BATNA VISHALI | G6: 2400031823 | H6: Batna Vishali | I6: CSE-3 | J6: CRT (Campus Recruitment Training) | K6: Hostller | L6: Yes | M6: 8.8 | N6: Ch Phanikanth | O6: 0 | P6: 0 | Q6: AI-DRIVEN LANGUAGE TECHNOLOGIES | R6: Eligible for Acceleration | S6: =VLOOKUP(G6,[1]fc!$B$2:$D$707,3,0) -> 24CS2255F | T6: =VLOOKUP(G6,[1]fc!$B$2:$F$707,5,0) -> ADVANCED DATA STRUCTURES | U6: 24CS2237F | V6: QUANTUM COMPUTING | W6: 24CS2255F | X6: ADVANCED DATA STRUCTURES | Y6: 24CS2227F | Z6: DATA ANALYTICS AND VISUALIZATION | AA6: 24CS2263F | AB6: CYBER THREAT INTELLIGENCE
A7: 6 | B7: 46207.863 | C7: 46207.864 | D7: 2400030776@kluniversity.in | E7: CHERUKURI KUSMITHA CHERUKURI KUSMITHA | G7: 2400030776 | H7: Ch.Kusmitha | I7: CSE-3 | J7: CRT (Campus Recruitment Training) | K7: Day Scholar | L7: Yes | M7: 9.06 | N7: Ch Phanikanth | O7: 0 | P7: 0 | Q7: AI FOR COMPUTATIONAL INTELLIGENCE | R7: Eligible for Acceleration | S7: =VLOOKUP(G7,[1]fc!$B$2:$D$707,3,0) -> 24CS2224F | T7: =VLOOKUP(G7,[1]fc!$B$2:$F$707,5,0) -> CRYPT ANALYSIS AND CYBER DEFENCE | U7: 24CS2237F | V7: QUANTUM COMPUTING | W7: 24CS2255F | X7: ADVANCED DATA STRUCTURES | Y7: 24CS2227F | Z7: DATA ANALYTICS AND VISUALIZATION | AA7: 24CS2263F | AB7: CYBER THREAT INTELLIGENCE
A8: 7 | B8: 46146.895 | C8: 46146.896 | D8: 2400030925@kluniversity.in | E8: CHITHALURI VEERA HEMANTH CHITHALURI VEERA HEMANTH | G8: 2400030925 | H8: Ch veerahemanth | I8: CSE-3 | J8: CRT (Campus Recruitment Training) | K8: Hostller | L8: Yes | M8: 9.35 | N8: Dr. A Senthil (Hod) (Admin) | O8: 0 | P8: 0 | Q8: AI FOR COMPUTATIONAL INTELLIGENCE | R8: Eligible for Acceleration | S8: =VLOOKUP(G8,[1]fc!$B$2:$D$707,3,0) -> 24CS2224F | T8: =VLOOKUP(G8,[1]fc!$B$2:$F$707,5,0) -> CRYPT ANALYSIS AND CYBER DEFENCE | U8: 24CS2237F | V8: QUANTUM COMPUTING | W8: 24CS2255F | X8: ADVANCED DATA STRUCTURES | Y8: 24CS2227F | Z8: DATA ANALYTICS AND VISUALIZATION | AA8: 24CS2263F | AB8: CYBER THREAT INTELLIGENCE
A9: 8 | B9: 46177.49 | C9: 46177.491 | D9: 2400030274@kluniversity.in | E9: SHAIK TANVEER BASHA SHAIK TANVEER BASHA | G9: 2400030274 | H9: Shaik Tanveer Basha | I9: CSE-3 | J9: CRT (Campus Recruitment Training) | K9: Hostller | L9: Yes | M9: 9.47 | N9: Dr. A Senthil (Hod) (Admin) | O9: 0 | P9: 0 | Q9: AI FOR COMPUTATIONAL INTELLIGENCE | R9: Eligible for Acceleration | S9: =VLOOKUP(G9,[1]fc!$B$2:$D$707,3,0) -> 24CS2264F | T9: =VLOOKUP(G9,[1]fc!$B$2:$F$707,5,0) -> GAME SYSTEMS DESIGN AND DEVELOPMENT | U9: 24CS2237F | V9: QUANTUM COMPUTING | W9: 24CS2255F | X9: ADVANCED DATA STRUCTURES | Y9: 24CS2227F | Z9: DATA ANALYTICS AND VISUALIZATION | AA9: 24CS2263F | AB9: CYBER THREAT INTELLIGENCE
A10: 9 | B10: 46146.386 | C10: 46146.389 | D10: 2400030324@kluniversity.in | E10: GOKEDA MANIKANTA SAI GOKEDA MANIKANTA SAI | G10: 2400030324 | H10: GOKEDA MANIKANTA SAI | I10: CSE-3 | J10: CRT (Campus Recruitment Training) | K10: Day Scholar | L10: Yes | M10: 9.18 | N10: Dr. Mukkapati Naveen | O10: 0 | P10: 0 | Q10: AI FOR COMPUTATIONAL INTELLIGENCE | R10: Eligible for Acceleration | S10: =VLOOKUP(G10,[1]fc!$B$2:$D$707,3,0) -> 24CS2260F | T10: =VLOOKUP(G10,[1]fc!$B$2:$F$707,5,0) -> FOUNDATIONS OF CLOUD-NATIVE COMPUTING & DEVOPS | U10: 24CS2237F | V10: QUANTUM COMPUTING | W10: 24CS2255F | X10: ADVANCED DATA STRUCTURES | Y10: 24CS2227F | Z10: DATA ANALYTICS AND VISUALIZATION | AA10: 24CS2263F | AB10: CYBER THREAT INTELLIGENCE
A11: 10 | B11: 46146.886 | C11: 46146.888 | D11: 2400030312@kluniversity.in | E11: CHILUKURI AKASH SATYA VENKATA CHOWDARY CHILUKURI AKASH SATYA VENKATA CHOWDARY | G11: 2400030312 | H11: CHILUKURI AKASH SATYA VENKATA CHOWDARY | I11: CSE-3 | J11: CRT (Campus Recruitment Training) | K11: Hostller | L11: Yes | M11: 8.31 | N11: Dr. Mukkapati Naveen | O11: 0 | P11: 0 | Q11: AI FOR COMPUTATIONAL INTELLIGENCE | R11: Eligible for Acceleration | S11: =VLOOKUP(G11,[1]fc!$B$2:$D$707,3,0) -> 24CS2237F | T11: =VLOOKUP(G11,[1]fc!$B$2:$F$707,5,0) -> QUANTUM COMPUTING | U11: 24CS2237F | V11: QUANTUM COMPUTING | W11: 24CS2255F | X11: ADVANCED DATA STRUCTURES | Y11: 24CS2227F | Z11: DATA ANALYTICS AND VISUALIZATION | AA11: 24CS2263F | AB11: CYBER THREAT INTELLIGENCE
A12: 11 | B12: 46177.447 | C12: 46177.449 | D12: 2400031003@kluniversity.in | E12: JAKKAMPUDI AVINASH CHOWDARY JAKKAMPUDI AVINASH CHOWDARY | G12: 2400031003 | H12: JAKKAMPUDI AVINASH CHOWDARY | I12: CSE-3 | J12: CRT (Campus Recruitment Training) | K12: Day Scholar | L12: Yes | M12: 9.02 | N12: Dr. Mukkapati Naveen | O12: 0 | P12: 0 | Q12: CYBER SECURITY AND BLOCKCHAIN TECHNOLOGY | R12: Eligible for Acceleration | S12: =VLOOKUP(G12,[1]fc!$B$2:$D$707,3,0) -> 24CS2239F | T12: =VLOOKUP(G12,[1]fc!$B$2:$F$707,5,0) -> SOFTWARE VERIFICATION AND VALIDATION | U12: 24CS2237F | V12: QUANTUM COMPUTING | W12: 24CS2255F | X12: ADVANCED DATA STRUCTURES | Y12: 24CS2227F | Z12: DATA ANALYTICS AND VISUALIZATION
A13: 12 | B13: 46177.692 | C13: 46177.692 | D13: 2400030875@kluniversity.in | E13: PENUMUCHU DEVENDRANADH PENUMUCHU DEVENDRANADH | G13: 2400030875 | H13: Devendranadh | I13: CSE-3 | J13: CRT (Campus Recruitment Training) | K13: Day Scholar | L13: Yes | M13: 8.45 | N13: Dr. Mukkapati Naveen | O13: 0 | P13: 0 | Q13: AI SYSTEMS FOR VISUAL INTELLIGENCE | R13: Eligible for Acceleration | S13: =VLOOKUP(G13,[1]fc!$B$2:$D$707,3,0) -> 24CS2221F | T13: =VLOOKUP(G13,[1]fc!$B$2:$F$707,5,0) -> UX DESIGN | U13: 24CS2237F | V13: QUANTUM COMPUTING | W13: 24CS2255F | X13: ADVANCED DATA STRUCTURES | Y13: 24CS2227F | Z13: DATA ANALYTICS AND VISUALIZATION | AA13: 24CS2263F | AB13: CYBER THREAT INTELLIGENCE
A14: 13 | B14: 46207.907 | C14: 46207.909 | D14: 2400030942@kluniversity.in | E14: SANDA SRINATH SANDA SRINATH | G14: 2400030942 | H14: Sanda Srinath | I14: CSE-3 | J14: CRT (Campus Recruitment Training) | K14: Hostller | L14: Yes | M14: 9.18 | N14: Dr. Mukkapati Naveen | O14: 0 | P14: 0 | Q14: AI SYSTEMS FOR VISUAL INTELLIGENCE | R14: Eligible for Acceleration | S14: =VLOOKUP(G14,[1]fc!$B$2:$D$707,3,0) -> 24CS2221F | T14: =VLOOKUP(G14,[1]fc!$B$2:$F$707,5,0) -> UX DESIGN | U14: 24CS2237F | V14: QUANTUM COMPUTING | W14: 24CS2255F | X14: ADVANCED DATA STRUCTURES | Y14: 24CS2227F | Z14: DATA ANALYTICS AND VISUALIZATION | AA14: 24CS2263F | AB14: CYBER THREAT INTELLIGENCE
A15: 14 | B15: 46146.382 | C15: 46146.384 | D15: 2400030563@kluniversity.in | E15: THAMMISETTY MAHESH BABU THAMMISETTY MAHESH BABU | G15: 2400030563 | H15: T.MAHESH BABU | I15: CSE-3 | J15: CRT (Campus Recruitment Training) | K15: Day Scholar | L15: Yes | M15: 8 | N15: Dr. P. V. Venkateswara Rao | O15: 0 | P15: 0 | Q15: AI FOR COMPUTATIONAL INTELLIGENCE | R15: Eligible for Acceleration | S15: =VLOOKUP(G15,[1]fc!$B$2:$D$707,3,0) -> 24CS2255F | T15: =VLOOKUP(G15,[1]fc!$B$2:$F$707,5,0) -> ADVANCED DATA STRUCTURES | U15: 24CS2237F | V15: QUANTUM COMPUTING | W15: 24CS2255F | X15: ADVANCED DATA STRUCTURES | Y15: 24CS2227F | Z15: DATA ANALYTICS AND VISUALIZATION | AA15: 24CS2263F | AB15: CYBER THREAT INTELLIGENCE
A16: 15 | B16: 46146.492 | C16: 46146.492 | D16: 2400032261@kluniversity.in | E16: MANNEM SASI VEDHAVATHI MANNEM SASI VEDHAVATHI | G16: 2400032261 | H16: Mannem Sasi Vedhavathi | I16: CSE-3 | J16: CRT (Campus Recruitment Training) | K16: Hostller | L16: Yes | M16: 9.18 | N16: Dr. Prerna Mohit | O16: 0 | P16: 0 | Q16: AI-DRIVEN LANGUAGE TECHNOLOGIES | R16: Eligible for Acceleration | S16: =VLOOKUP(G16,[1]fc!$B$2:$D$707,3,0) -> 24CS2260F | T16: =VLOOKUP(G16,[1]fc!$B$2:$F$707,5,0) -> FOUNDATIONS OF CLOUD-NATIVE COMPUTING & DEVOPS | U16: 24CS2237F | V16: QUANTUM COMPUTING | W16: 24CS2255F | X16: ADVANCED DATA STRUCTURES | Y16: 24CS2227F | Z16: DATA ANALYTICS AND VISUALIZATION
A17: 16 | B17: 46146.891 | C17: 46146.891 | D17: 2400031008@kluniversity.in | E17: MADDUKURI VIDYA NANDH MADDUKURI VIDYA NANDH | G17: 2400031008 | H17: M vidya nandh | I17: CSE-3 | J17: CRT (Campus Recruitment Training) | K17: Hostller | L17: Yes | M17: 8.02 | N17: Dr. P. V. Venkateswara Rao | O17: 0 | P17: 0 | Q17: DATA ENGINEERING FOR AI | R17: Eligible for Acceleration | S17: =VLOOKUP(G17,[1]fc!$B$2:$D$707,3,0) -> 24CS2258F | T17: =VLOOKUP(G17,[1]fc!$B$2:$F$707,5,0) -> NATURAL LANGUAGE PROCESSING | U17: 24CS2237F | V17: QUANTUM COMPUTING | W17: 24CS2255F | X17: ADVANCED DATA STRUCTURES | Y17: 24CS2263F | Z17: CYBER THREAT INTELLIGENCE | AA17: 24CS2224F | AB17: CRYPT ANALYSIS AND CYBER DEFENCE
A18: 17 | B18: 46146.945 | C18: 46146.945 | D18: 2400030866@kluniversity.in | E18: GAJJELA HARI MANIKANTA REDDY GAJJELA HARI MANIKANTA REDDY | G18: 2400030866 | H18: G. Hari ManiKanta Reddy | I18: CSE-3 | J18: CRT (Campus Recruitment Training) | K18: Day Scholar | L18: Yes | M18: 8.39 | N18: Dr. P. V. Venkateswara Rao | O18: 0 | P18: 0 | Q18: AI SYSTEMS FOR VISUAL INTELLIGENCE | R18: Eligible for Acceleration | S18: =VLOOKUP(G18,[1]fc!$B$2:$D$707,3,0) -> 24CS2227F | T18: =VLOOKUP(G18,[1]fc!$B$2:$F$707,5,0) -> DATA ANALYTICS AND VISUALIZATION | U18: 24CS2237F | V18: QUANTUM COMPUTING | W18: 24CS2255F | X18: ADVANCED DATA STRUCTURES | Y18: 24CS2227F | Z18: DATA ANALYTICS AND VISUALIZATION | AA18: 24CS2263F | AB18: CYBER THREAT INTELLIGENCE
A19: 18 | B19: 46177.316 | C19: 46177.317 | D19: 2400031636@kluniversity.in | E19: VEPURI ARUN KUMAR VEPURI ARUN KUMAR | G19: 2400031636 | H19: V. ARUN KUMAR | I19: CSE-3 | J19: CRT (Campus Recruitment Training) | K19: Day Scholar | L19: Yes | M19: 8.84 | N19: Dr. P. V. Venkateswara Rao | O19: 0 | P19: 0 | Q19: DATA SCIENCE AND BIG DATA ANALYTICS | R19: Eligible for Acceleration | S19: =VLOOKUP(G19,[1]fc!$B$2:$D$707,3,0) -> 24CS2258F | T19: =VLOOKUP(G19,[1]fc!$B$2:$F$707,5,0) -> NATURAL LANGUAGE PROCESSING | U19: 24CS2237F | V19: QUANTUM COMPUTING | W19: 24CS2255F | X19: ADVANCED DATA STRUCTURES | Y19: 24CS2263F | Z19: CYBER THREAT INTELLIGENCE | AA19: 24CS2224F | AB19: CRYPT ANALYSIS AND CYBER DEFENCE
A20: 19 | B20: 46177.766 | C20: 46177.766 | D20: 2400031312@kluniversity.in | E20: DANNANA DURGA PRASAD DANNANA DURGA PRASAD | G20: 2400031312 | H20: Dannana durga prasad | I20: CSE-3 | J20: CRT (Campus Recruitment Training) | K20: Day Scholar | L20: Yes | M20: 8.56 | N20: Dr. P. V. Venkateswara Rao | O20: 0 | P20: 0 | Q20: AI AND AUTONOMOUS SYSTEMS | R20: Eligible for Acceleration | S20: =VLOOKUP(G20,[1]fc!$B$2:$D$707,3,0) -> 24EE2230F | T20: =VLOOKUP(G20,[1]fc!$B$2:$F$707,5,0) -> ESSENTIALS OF AUTONOMOUS SYSTEMS | U20: 24CS2237F | V20: QUANTUM COMPUTING | W20: 24CS2255F | X20: ADVANCED DATA STRUCTURES | Y20: 24CS2227F | Z20: DATA ANALYTICS AND VISUALIZATION | AA20: 24CS2263F | AB20: CYBER THREAT INTELLIGENCE
A21: 20 | B21: 46207.469 | C21: 46207.47 | D21: 2400030986@kluniversity.in | E21: PETETI ABHILASH PETETI ABHILASH | G21: 2400030986 | H21: PETETI ABHILASH | I21: CSE-3 | J21: CRT (Campus Recruitment Training) | K21: Day Scholar | L21: Yes | M21: 8.19 | N21: Dr. P. V. Venkateswara Rao | O21: 0 | P21: 0 | Q21: AI SYSTEMS FOR VISUAL INTELLIGENCE | R21: Eligible for Acceleration | S21: =VLOOKUP(G21,[1]fc!$B$2:$D$707,3,0) -> 24CS2255F | T21: =VLOOKUP(G21,[1]fc!$B$2:$F$707,5,0) -> ADVANCED DATA STRUCTURES | U21: 24CS2237F | V21: QUANTUM COMPUTING | W21: 24CS2255F | X21: ADVANCED DATA STRUCTURES | Y21: 24CS2227F | Z21: DATA ANALYTICS AND VISUALIZATION | AA21: 24CS2263F | AB21: CYBER THREAT INTELLIGENCE
A22: 21 | B22: 46116.949 | C22: 46116.95 | D22: 2400030264@kluniversity.in | E22: ATTULURI LALITHA SIVA PRIYA ATTULURI LALITHA SIVA PRIYA | G22: 2400030264 | H22: A.Lalitha siva priya | I22: CSE-3 | J22: CRT (Campus Recruitment Training) | K22: Day Scholar | L22: Yes | M22: 8.91 | N22: Dr. Prerna Mohit | O22: 0 | P22: 0 | Q22: AI FOR COMPUTATIONAL INTELLIGENCE | R22: Eligible for Acceleration | S22: =VLOOKUP(G22,[1]fc!$B$2:$D$707,3,0) -> 24CS2255F | T22: =VLOOKUP(G22,[1]fc!$B$2:$F$707,5,0) -> ADVANCED DATA STRUCTURES | U22: 24CS2237F | V22: QUANTUM COMPUTING | W22: 24CS2255F | X22: ADVANCED DATA STRUCTURES | Y22: 24CS2227F | Z22: DATA ANALYTICS AND VISUALIZATION | AA22: 24CS2263F | AB22: CYBER THREAT INTELLIGENCE
A23: 22 | B23: 46146.985 | C23: 46146.985 | D23: 2400032478@kluniversity.in | E23: LANKALAPALLI SURYA TEJA LANKALAPALLI SURYA TEJA | G23: 2400032478 | H23: L surya teja | I23: CSE-3 | J23: CRT (Campus Recruitment Training) | K23: Day Scholar | L23: Yes | M23: 8.54 | N23: Dr. Prerna Mohit | O23: 0 | P23: 0 | Q23: AI-DRIVEN LANGUAGE TECHNOLOGIES | R23: Eligible for Acceleration | S23: =VLOOKUP(G23,[1]fc!$B$2:$D$707,3,0) -> 24CS2255F | T23: =VLOOKUP(G23,[1]fc!$B$2:$F$707,5,0) -> ADVANCED DATA STRUCTURES | U23: 24CS2237F | V23: QUANTUM COMPUTING | W23: 24CS2255F | X23: ADVANCED DATA STRUCTURES | Y23: 24CS2227F | Z23: DATA ANALYTICS AND VISUALIZATION | AA23: 24CS2263F | AB23: CYBER THREAT INTELLIGENCE
A24: 23 | B24: 46146.519 | C24: 46146.521 | D24: 2400032360@kluniversity.in | E24: KHAMMAMPATI SAI SRUTHIKA KHAMMAMPATI SAI SRUTHIKA | G24: 2400032360 | H24: Khammampati Sai Sruthika | I24: CSE-3 | J24: CRT (Campus Recruitment Training) | K24: Hostller | L24: Yes | M24: 9.14 | N24: Dr. Prerna Mohit | O24: 0 | P24: 0 | Q24: AI FOR COMPUTATIONAL INTELLIGENCE | R24: Eligible for Acceleration | S24: =VLOOKUP(G24,[1]fc!$B$2:$D$707,3,0) -> 24CS2237F | T24: =VLOOKUP(G24,[1]fc!$B$2:$F$707,5,0) -> QUANTUM COMPUTING | U24: 24CS2237F | V24: QUANTUM COMPUTING | W24: 24CS2255F | X24: ADVANCED DATA STRUCTURES | Y24: 24CS2227F | Z24: DATA ANALYTICS AND VISUALIZATION | AA24: 24CS2263F | AB24: CYBER THREAT INTELLIGENCE
A25: 24 | B25: 46146.973 | C25: 46146.975 | D25: 2400030588@kluniversity.in | E25: MURIKIPUDI ANANYA MURIKIPUDI ANANYA | G25: 2400030588 | H25: M. Ananya | I25: CSE-3 | J25: CRT (Campus Recruitment Training) | K25: Day Scholar | L25: Yes | M25: 8.85 | N25: Dr. Prerna Mohit | O25: 0 | P25: 0 | Q25: AI FOR COMPUTATIONAL INTELLIGENCE | R25: Eligible for Acceleration | S25: =VLOOKUP(G25,[1]fc!$B$2:$D$707,3,0) -> 24CS2258F | T25: =VLOOKUP(G25,[1]fc!$B$2:$F$707,5,0) -> NATURAL LANGUAGE PROCESSING | U25: 24CS2237F | V25: QUANTUM COMPUTING | W25: 24CS2255F | X25: ADVANCED DATA STRUCTURES | Y25: 24CS2227F | Z25: DATA ANALYTICS AND VISUALIZATION | AA25: 24CS2263F | AB25: CYBER THREAT INTELLIGENCE
A26: 25 | B26: 46177.601 | C26: 46177.602 | D26: 2400032362@kluniversity.in | E26: PANDILLAPALLI YASASWINI PANDILLAPALLI YASASWINI | G26: 2400032362 | H26: P Yasaswini | I26: CSE-3 | J26: CRT (Campus Recruitment Training) | K26: Hostller | L26: Yes | M26: 8.68 | N26: Dr. Prerna Mohit | O26: 0 | P26: 0 | Q26: AI-DRIVEN LANGUAGE TECHNOLOGIES | R26: Eligible for Acceleration | S26: =VLOOKUP(G26,[1]fc!$B$2:$D$707,3,0) -> 24CS2227F | T26: =VLOOKUP(G26,[1]fc!$B$2:$F$707,5,0) -> DATA ANALYTICS AND VISUALIZATION | U26: 24CS2237F | V26: QUANTUM COMPUTING | W26: 24CS2255F | X26: ADVANCED DATA STRUCTURES | Y26: 24CS2227F | Z26: DATA ANALYTICS AND VISUALIZATION | AA26: 24CS2263F | AB26: CYBER THREAT INTELLIGENCE
A27: 26 | B27: 46177.101 | C27: 46177.102 | D27: 2400031513@kluniversity.in | E27: PONNURU YOSHITHA PONNURU YOSHITHA | G27: 2400031513 | H27: Yoshitha.p | I27: CSE-3 | J27: CRT (Campus Recruitment Training) | K27: Day Scholar | L27: Yes | M27: 8.4 | N27: Dr. Prerna Mohit | O27: 0 | P27: 0 | Q27: DATA SCIENCE AND BIG DATA ANALYTICS | R27: Eligible for Acceleration | S27: =VLOOKUP(G27,[1]fc!$B$2:$D$707,3,0) -> 24CS2255F | T27: =VLOOKUP(G27,[1]fc!$B$2:$F$707,5,0) -> ADVANCED DATA STRUCTURES | U27: 24CS2237F | V27: QUANTUM COMPUTING | W27: 24CS2255F | X27: ADVANCED DATA STRUCTURES | Y27: 24CS2263F | Z27: CYBER THREAT INTELLIGENCE | AA27: 24CS2224F | AB27: CRYPT ANALYSIS AND CYBER DEFENCE
A28: 27 | B28: 46177.563 | C28: 46177.566 | D28: 2400030260@kluniversity.in | E28: DEVARASETTY DIVYA TEJASWINI DEVARASETTY DIVYA TEJASWINI | G28: 2400030260 | H28: D.Divya Tejaswini | I28: CSE-3 | J28: CRT (Campus Recruitment Training) | K28: Day Scholar | L28: Yes | M28: 9.13 | N28: Dr. Prerna Mohit | O28: 0 | P28: 0 | Q28: AI FOR COMPUTATIONAL INTELLIGENCE | R28: Eligible for Acceleration | S28: =VLOOKUP(G28,[1]fc!$B$2:$D$707,3,0) -> 24CS2227F | T28: =VLOOKUP(G28,[1]fc!$B$2:$F$707,5,0) -> DATA ANALYTICS AND VISUALIZATION | U28: 24CS2237F | V28: QUANTUM COMPUTING | W28: 24CS2255F | X28: ADVANCED DATA STRUCTURES | Y28: 24CS2227F | Z28: DATA ANALYTICS AND VISUALIZATION | AA28: 24CS2263F | AB28: CYBER THREAT INTELLIGENCE
A29: 28 | B29: 46146.426 | C29: 46146.427 | D29: 2400031255@kluniversity.in | E29: MOTHUKURI NIKHIL KARTHIK MOTHUKURI NIKHIL KARTHIK | G29: 2400031255 | H29: M.NIKHIL KARTHIK | I29: CSE-3 | J29: CRT (Campus Recruitment Training) | K29: Day Scholar | L29: Yes | M29: 8.17 | N29: Dr. Saiyed Faiayaz Waris | O29: 0 | P29: 0 | Q29: AI-DRIVEN LANGUAGE TECHNOLOGIES | R29: Eligible for Acceleration | S29: =VLOOKUP(G29,[1]fc!$B$2:$D$707,3,0) -> 24CS2221F | T29: =VLOOKUP(G29,[1]fc!$B$2:$F$707,5,0) -> UX DESIGN | U29: 24CS2237F | V29: QUANTUM COMPUTING | W29: 24CS2255F | X29: ADVANCED DATA STRUCTURES | Y29: 24CS2227F | Z29: DATA ANALYTICS AND VISUALIZATION | AA29: 24CS2263F | AB29: CYBER THREAT INTELLIGENCE
A30: 29 | B30: 46177.655 | C30: 46177.655 | D30: 2400032443@kluniversity.in | E30: SIVAPURAM VEDA HASINI SIVAPURAM VEDA HASINI | G30: 2400032443 | H30: SIVAPURAM VEDA HASINI | I30: CSE-3 | J30: CRT (Campus Recruitment Training) | K30: Hostller | L30: Yes | M30: 8.94 | N30: Dr. Prerna Mohit | O30: 0 | P30: 0 | Q30: CYBER SECURITY AND BLOCKCHAIN TECHNOLOGY | R30: Eligible for Acceleration | S30: =VLOOKUP(G30,[1]fc!$B$2:$D$707,3,0) -> 24CS2256F | T30: =VLOOKUP(G30,[1]fc!$B$2:$F$707,5,0) -> FOUNDATIONS OF BLOCK CHAIN ENGINEERING | U30: 24CS2237F | V30: QUANTUM COMPUTING | W30: 24CS2255F | X30: ADVANCED DATA STRUCTURES | Y30: 24CS2227F | Z30: DATA ANALYTICS AND VISUALIZATION
A31: 30 | B31: 46177.665 | C31: 46177.666 | D31: 2400030940@kluniversity.in | E31: CHINTHALACHERUVU TEJASREE CHINTHALACHERUVU TEJASREE | G31: 2400030940 | H31: Ch.Teja sree | I31: CSE-3 | J31: CRT (Campus Recruitment Training) | K31: Day Scholar | L31: Yes | M31: 9.03 | N31: Dr. Prerna Mohit | O31: 0 | P31: 0 | Q31: CLOUD INFRASTRUCTURE DESIGN AND ENGINEERING | R31: Eligible for Acceleration | S31: =VLOOKUP(G31,[1]fc!$B$2:$D$707,3,0) -> 24CS2221F | T31: =VLOOKUP(G31,[1]fc!$B$2:$F$707,5,0) -> UX DESIGN | U31: 24CS2237F | V31: QUANTUM COMPUTING | W31: 24CS2255F | X31: ADVANCED DATA STRUCTURES | Y31: 24CS2227F | Z31: DATA ANALYTICS AND VISUALIZATION | AA31: 24CS2263F | AB31: CYBER THREAT INTELLIGENCE
A32: 31 | B32: 46146.442 | C32: 46146.447 | D32: 2400031531@kluniversity.in | E32: SALADI SATYA BHAVANI SHANKAR SALADI SATYA BHAVANI SHANKAR | G32: 2400031531 | H32: Saladi satya bhavani shankar | I32: CSE-3 | J32: CRT (Campus Recruitment Training) | K32: Hostller | L32: Yes | M32: 8.11 | N32: Dr. Saiyed Faiayaz Waris | O32: 0 | P32: 0 | Q32: AI-DRIVEN LANGUAGE TECHNOLOGIES | R32: Eligible for Acceleration | S32: =VLOOKUP(G32,[1]fc!$B$2:$D$707,3,0) -> 24CS2221F | T32: =VLOOKUP(G32,[1]fc!$B$2:$F$707,5,0) -> UX DESIGN | U32: 24CS2237F | V32: QUANTUM COMPUTING | W32: 24CS2255F | X32: ADVANCED DATA STRUCTURES | Y32: 24CS2227F | Z32: DATA ANALYTICS AND VISUALIZATION | AA32: 24CS2263F | AB32: CYBER THREAT INTELLIGENCE
A33: 32 | B33: 46146.443 | C33: 46146.444 | D33: 2400031685@kluniversity.in | E33: BANDARU NITYA SRI GOWRI BANDARU NITYA SRI GOWRI | G33: 2400031685 | H33: Bandaru Nitya Sri Gowri | I33: CSE-3 | J33: CRT (Campus Recruitment Training) | K33: Hostller | L33: Yes | M33: 8.45 | N33: Dr. Saziya Tabbasum | O33: 0 | P33: 0 | Q33: AI-DRIVEN LANGUAGE TECHNOLOGIES | R33: Eligible for Acceleration | S33: =VLOOKUP(G33,[1]fc!$B$2:$D$707,3,0) -> 24CS2239F | T33: =VLOOKUP(G33,[1]fc!$B$2:$F$707,5,0) -> SOFTWARE VERIFICATION AND VALIDATION | U33: 24CS2237F | V33: QUANTUM COMPUTING | W33: 24CS2255F | X33: ADVANCED DATA STRUCTURES | Y33: 24CS2227F | Z33: DATA ANALYTICS AND VISUALIZATION | AA33: 24CS2263F | AB33: CYBER THREAT INTELLIGENCE
A34: 33 | B34: 46177.385 | C34: 46177.385 | D34: 2400030695@kluniversity.in | E34: ALLURI HEMANTH CHOWDARY ALLURI HEMANTH CHOWDARY | G34: 2400030695 | H34: ALLURI HEMANTH CHOWDARY | I34: CSE-3 | J34: CRT (Campus Recruitment Training) | K34: Hostller | L34: Yes | M34: 8.64 | N34: Dr. Saiyed Faiayaz Waris | O34: 0 | P34: 0 | Q34: DATA ENGINEERING FOR AI | R34: Eligible for Acceleration | S34: =VLOOKUP(G34,[1]fc!$B$2:$D$707,3,0) -> 24CS2258F | T34: =VLOOKUP(G34,[1]fc!$B$2:$F$707,5,0) -> NATURAL LANGUAGE PROCESSING | U34: 24CS2237F | V34: QUANTUM COMPUTING | W34: 24CS2255F | X34: ADVANCED DATA STRUCTURES | Y34: 24CS2263F | Z34: CYBER THREAT INTELLIGENCE | AA34: 24CS2224F | AB34: CRYPT ANALYSIS AND CYBER DEFENCE
A35: 34 | B35: 46177.54 | C35: 46177.541 | D35: 2400031227@kluniversity.in | E35: NALLA ROHITH NALLA ROHITH | G35: 2400031227 | H35: Nalla Rohith | I35: CSE-3 | J35: CRT (Campus Recruitment Training) | K35: Day Scholar | L35: Yes | M35: 8.86 | N35: Dr. Saiyed Faiayaz Waris | O35: 0 | P35: 0 | Q35: AI SYSTEMS FOR VISUAL INTELLIGENCE | R35: Eligible for Acceleration | S35: =VLOOKUP(G35,[1]fc!$B$2:$D$707,3,0) -> 24CS2255F | T35: =VLOOKUP(G35,[1]fc!$B$2:$F$707,5,0) -> ADVANCED DATA STRUCTURES | U35: 24CS2237F | V35: QUANTUM COMPUTING | W35: 24CS2255F | X35: ADVANCED DATA STRUCTURES | Y35: 24CS2227F | Z35: DATA ANALYTICS AND VISUALIZATION | AA35: 24CS2263F | AB35: CYBER THREAT INTELLIGENCE
A36: 35 | B36: 46177.562 | C36: 46177.564 | D36: 2400032669@kluniversity.in | E36: KATRA GADDA DEVESH CHOWDARY KATRA GADDA DEVESH CHOWDARY | G36: 2400032669 | H36: K.Devesh chowdary | I36: CSE-3 | J36: CRT (Campus Recruitment Training) | K36: Day Scholar | L36: Yes | M36: 9.11 | N36: Dr. Saiyed Faiayaz Waris | O36: 0 | P36: 0 | Q36: AI SYSTEMS FOR VISUAL INTELLIGENCE | R36: Eligible for Acceleration | S36: =VLOOKUP(G36,[1]fc!$B$2:$D$707,3,0) -> 24CS2258F | T36: =VLOOKUP(G36,[1]fc!$B$2:$F$707,5,0) -> NATURAL LANGUAGE PROCESSING | U36: 24CS2237F | V36: QUANTUM COMPUTING | W36: 24CS2255F | X36: ADVANCED DATA STRUCTURES | Y36: 24CS2227F | Z36: DATA ANALYTICS AND VISUALIZATION | AA36: 24CS2263F | AB36: CYBER THREAT INTELLIGENCE
A37: 36 | B37: 46146.389 | C37: 46146.39 | D37: 2400031709@kluniversity.in | E37: INDURU JASWITHA INDURU JASWITHA | G37: 2400031709 | H37: INDURU JASWITHA | I37: CSE-3 | J37: CRT (Campus Recruitment Training) | K37: Hostller | L37: Yes | M37: 8.18 | N37: Dr. Saziya Tabbasum | O37: 0 | P37: 0 | Q37: AI AND AUTONOMOUS SYSTEMS | R37: Eligible for Acceleration | S37: =VLOOKUP(G37,[1]fc!$B$2:$D$707,3,0) -> 24EE2230F | T37: =VLOOKUP(G37,[1]fc!$B$2:$F$707,5,0) -> ESSENTIALS OF AUTONOMOUS SYSTEMS | U37: 24CS2237F | V37: QUANTUM COMPUTING | W37: 24CS2255F | X37: ADVANCED DATA STRUCTURES | Y37: 24CS2227F | Z37: DATA ANALYTICS AND VISUALIZATION | AA37: 24CS2263F | AB37: CYBER THREAT INTELLIGENCE
A38: 37 | B38: 46146.4 | C38: 46146.401 | D38: 2400030466@kluniversity.in | E38: KOMIRISETTY TANUJESWARI KOMIRISETTY TANUJESWARI | G38: 2400030466 | H38: KOMIRISETTY TANUJESWARI | I38: CSE-3 | J38: CRT (Campus Recruitment Training) | K38: Day Scholar | L38: Yes | M38: 8.88 | N38: Dr. Saziya Tabbasum | O38: 0 | P38: 0 | Q38: DATA ENGINEERING FOR AI | R38: Eligible for Acceleration | S38: =VLOOKUP(G38,[1]fc!$B$2:$D$707,3,0) -> 24CS2224F | T38: =VLOOKUP(G38,[1]fc!$B$2:$F$707,5,0) -> CRYPT ANALYSIS AND CYBER DEFENCE | U38: 24CS2237F | V38: QUANTUM COMPUTING | W38: 24CS2255F | X38: ADVANCED DATA STRUCTURES | Y38: 24CS2263F | Z38: CYBER THREAT INTELLIGENCE | AA38: 24CS2224F | AB38: CRYPT ANALYSIS AND CYBER DEFENCE
A39: 38 | B39: 46146.448 | C39: 46146.448 | D39: 2400031617@kluniversity.in | E39: BHARGHAVI M BHARGHAVI M | G39: 2400031617 | H39: Bharghavi M | I39: CSE-3 | J39: CRT (Campus Recruitment Training) | K39: Day Scholar | L39: Yes | M39: 8.85 | N39: Dr. Saziya Tabbasum | O39: 0 | P39: 0 | Q39: AI-DRIVEN LANGUAGE TECHNOLOGIES | R39: Eligible for Acceleration | S39: =VLOOKUP(G39,[1]fc!$B$2:$D$707,3,0) -> 24CS2260F | T39: =VLOOKUP(G39,[1]fc!$B$2:$F$707,5,0) -> FOUNDATIONS OF CLOUD-NATIVE COMPUTING & DEVOPS | U39: 24CS2237F | V39: QUANTUM COMPUTING | W39: 24CS2255F | X39: ADVANCED DATA STRUCTURES | Y39: 24CS2227F | Z39: DATA ANALYTICS AND VISUALIZATION | AA39: 24CS2263F | AB39: CYBER THREAT INTELLIGENCE
A40: 39 | B40: 46146.903 | C40: 46146.904 | D40: 2400030916@kluniversity.in | E40: PONUGOTI NIKHITHA REDDY PONUGOTI NIKHITHA REDDY | G40: 2400030916 | H40: P.Nikhitha Reddy | I40: CSE-3 | J40: CRT (Campus Recruitment Training) | K40: Day Scholar | L40: Yes | M40: 8.8 | N40: Dr. Saziya Tabbasum | O40: 0 | P40: 0 | Q40: AI-DRIVEN LANGUAGE TECHNOLOGIES | R40: Eligible for Acceleration | S40: =VLOOKUP(G40,[1]fc!$B$2:$D$707,3,0) -> 24CS2255F | T40: =VLOOKUP(G40,[1]fc!$B$2:$F$707,5,0) -> ADVANCED DATA STRUCTURES | U40: 24CS2237F | V40: QUANTUM COMPUTING | W40: 24CS2255F | X40: ADVANCED DATA STRUCTURES | Y40: 24CS2227F | Z40: DATA ANALYTICS AND VISUALIZATION | AA40: 24CS2263F | AB40: CYBER THREAT INTELLIGENCE
A41: 40 | B41: 46146.45 | C41: 46146.451 | D41: 2400032281@kluniversity.in | E41: KUPPA RAMYA SREE KUPPA RAMYA SREE | G41: 2400032281 | H41: Kuppa Ramya Sree | I41: CSE-3 | J41: CRT (Campus Recruitment Training) | K41: Hostller | L41: Yes | M41: 8.75 | N41: Dr. Saziya Tabbasum | O41: 0 | P41: 0 | Q41: DATA SCIENCE AND BIG DATA ANALYTICS | R41: Eligible for Acceleration | S41: =VLOOKUP(G41,[1]fc!$B$2:$D$707,3,0) -> 24CS2221F | T41: =VLOOKUP(G41,[1]fc!$B$2:$F$707,5,0) -> UX DESIGN | U41: 24CS2237F | V41: QUANTUM COMPUTING | W41: 24CS2255F | X41: ADVANCED DATA STRUCTURES | Y41: 24CS2263F | Z41: CYBER THREAT INTELLIGENCE | AA41: 24CS2224F | AB41: CRYPT ANALYSIS AND CYBER DEFENCE
A42: 41 | B42: 46177.082 | C42: 46177.083 | D42: 2400032056@kluniversity.in | E42: PAGUDAKULA NAVEENA PAGUDAKULA NAVEENA | G42: 2400032056 | H42: Navdena | I42: CSE-3 | J42: CRT (Campus Recruitment Training) | K42: Hostller | L42: Yes | M42: 8.4 | N42: Dr. Saziya Tabbasum | O42: 0 | P42: 0 | Q42: AI-DRIVEN LANGUAGE TECHNOLOGIES | R42: Eligible for Acceleration | S42: =VLOOKUP(G42,[1]fc!$B$2:$D$707,3,0) -> 24CS2258F | T42: =VLOOKUP(G42,[1]fc!$B$2:$F$707,5,0) -> NATURAL LANGUAGE PROCESSING | U42: 24CS2237F | V42: QUANTUM COMPUTING | W42: 24CS2255F | X42: ADVANCED DATA STRUCTURES | Y42: 24CS2227F | Z42: DATA ANALYTICS AND VISUALIZATION
A43: 42 | B43: 46146.556 | C43: 46146.556 | D43: 2400030819@kluniversity.in | E43: MOVVA GOPIKA SINDHU MOVVA GOPIKA SINDHU | G43: 2400030819 | H43: M.GOPIKA SINDHU | I43: CSE-3 | J43: CRT (Campus Recruitment Training) | K43: Day Scholar | L43: Yes | M43: 8.73 | N43: Dr. Saziya Tabbasum | O43: 0 | P43: 0 | Q43: AI SYSTEMS FOR VISUAL INTELLIGENCE | R43: Eligible for Acceleration | S43: =VLOOKUP(G43,[1]fc!$B$2:$D$707,3,0) -> 24CS2255F | T43: =VLOOKUP(G43,[1]fc!$B$2:$F$707,5,0) -> ADVANCED DATA STRUCTURES | U43: 24CS2237F | V43: QUANTUM COMPUTING | W43: 24CS2255F | X43: ADVANCED DATA STRUCTURES | Y43: 24CS2227F | Z43: DATA ANALYTICS AND VISUALIZATION | AA43: 24CS2263F | AB43: CYBER THREAT INTELLIGENCE
A44: 43 | B44: 46146.556 | C44: 46146.556 | D44: 2400031013@kluniversity.in | E44: NIKHILA PAGADALA NIKHILA PAGADALA | G44: 2400031013 | H44: Pagadala Nikhila | I44: CSE-3 | J44: CRT (Campus Recruitment Training) | K44: Day Scholar | L44: Yes | M44: 8.34 | N44: Dr. Saziya Tabbasum | O44: 0 | P44: 0 | Q44: AI SYSTEMS FOR VISUAL INTELLIGENCE | R44: Eligible for Acceleration | S44: =VLOOKUP(G44,[1]fc!$B$2:$D$707,3,0) -> 24CS2227F | T44: =VLOOKUP(G44,[1]fc!$B$2:$F$707,5,0) -> DATA ANALYTICS AND VISUALIZATION | U44: 24CS2237F | V44: QUANTUM COMPUTING | W44: 24CS2255F | X44: ADVANCED DATA STRUCTURES | Y44: 24CS2227F | Z44: DATA ANALYTICS AND VISUALIZATION | AA44: 24CS2263F | AB44: CYBER THREAT INTELLIGENCE
A45: 44 | B45: 46146.876 | C45: 46146.876 | D45: 2400030715@kluniversity.in | E45: REPUDI GAYATHRIDEVI REPUDI GAYATHRIDEVI | G45: 2400030715 | H45: Repudi Gayathri Devi | I45: CSE-3 | J45: CRT (Campus Recruitment Training) | K45: Day Scholar | L45: Yes | M45: 8.18 | N45: Dr. Saziya Tabbasum | O45: 0 | P45: 0 | Q45: AI SYSTEMS FOR VISUAL INTELLIGENCE | R45: Eligible for Acceleration | S45: =VLOOKUP(G45,[1]fc!$B$2:$D$707,3,0) -> 24CS2255F | T45: =VLOOKUP(G45,[1]fc!$B$2:$F$707,5,0) -> ADVANCED DATA STRUCTURES | U45: 24CS2237F | V45: QUANTUM COMPUTING | W45: 24CS2255F | X45: ADVANCED DATA STRUCTURES | Y45: 24CS2227F | Z45: DATA ANALYTICS AND VISUALIZATION | AA45: 24CS2263F | AB45: CYBER THREAT INTELLIGENCE
A46: 45 | B46: 46177.532 | C46: 46177.532 | D46: 2400032273@kluniversity.in | E46: KAMIREDDY LAKSHMI PRIYA KAMIREDDY LAKSHMI PRIYA | G46: 2400032273 | H46: K Lakshmipriya | I46: CSE-3 | J46: CRT (Campus Recruitment Training) | K46: Hostller | L46: Yes | M46: 8.35 | N46: Dr. Saziya Tabbasum | O46: 0 | P46: 0 | Q46: AI-DRIVEN LANGUAGE TECHNOLOGIES | R46: Eligible for Acceleration | S46: =VLOOKUP(G46,[1]fc!$B$2:$D$707,3,0) -> 24CS2255F | T46: =VLOOKUP(G46,[1]fc!$B$2:$F$707,5,0) -> ADVANCED DATA STRUCTURES | U46: 24CS2237F | V46: QUANTUM COMPUTING | W46: 24CS2255F | X46: ADVANCED DATA STRUCTURES | Y46: 24CS2227F | Z46: DATA ANALYTICS AND VISUALIZATION | AA46: 24CS2263F | AB46: CYBER THREAT INTELLIGENCE
A47: 46 | B47: 46177.708 | C47: 46177.71 | D47: 2400032053@kluniversity.in | E47: PACHIPALA VENKATA SRI MADHULIKA PACHIPALA VENKATA SRI MADHULIKA | G47: 2400032053 | H47: PACHIPALA VENKATA SRI MADHULIKA | I47: CSE-3 | J47: CRT (Campus Recruitment Training) | K47: Hostller | L47: Yes | M47: 8.63 | N47: Dr. Saziya Tabbasum | O47: 0 | P47: 0 | Q47: AI-DRIVEN LANGUAGE TECHNOLOGIES | R47: Eligible for Acceleration | S47: =VLOOKUP(G47,[1]fc!$B$2:$D$707,3,0) -> 24CS2227F | T47: =VLOOKUP(G47,[1]fc!$B$2:$F$707,5,0) -> DATA ANALYTICS AND VISUALIZATION | U47: 24CS2237F | V47: QUANTUM COMPUTING | W47: 24CS2255F | X47: ADVANCED DATA STRUCTURES | Y47: 24CS2227F | Z47: DATA ANALYTICS AND VISUALIZATION | AA47: 24CS2263F | AB47: CYBER THREAT INTELLIGENCE
A48: 47 | B48: 46177.244 | C48: 46177.244 | D48: 2400030818@kluniversity.in | E48: PENDELA SAI NIKHIL PENDELA SAI NIKHIL | G48: 2400030818 | H48: P. SAI NIKHIL | I48: CSE-3 | J48: CRT (Campus Recruitment Training) | K48: Day Scholar | L48: Yes | M48: 8.32 | N48: Dr. Saziya Tabbasum | O48: 0 | P48: 0 | Q48: AI FOR COMPUTATIONAL INTELLIGENCE | R48: Eligible for Acceleration | S48: =VLOOKUP(G48,[1]fc!$B$2:$D$707,3,0) -> 24CS2237F | T48: =VLOOKUP(G48,[1]fc!$B$2:$F$707,5,0) -> QUANTUM COMPUTING | U48: 24CS2237F | V48: QUANTUM COMPUTING | W48: 24CS2255F | X48: ADVANCED DATA STRUCTURES | Y48: 24CS2227F | Z48: DATA ANALYTICS AND VISUALIZATION | AA48: 24CS2263F | AB48: CYBER THREAT INTELLIGENCE
A49: 48 | B49: 46177.446 | C49: 46177.447 | D49: 2400031816@kluniversity.in | E49: KANDEPI LAKSHMI SAI RAMA DEEPTHI KANDEPI LAKSHMI SAI RAMA DEEPTHI | G49: 2400031816 | H49: K.lakshmi sai rama deepthi | I49: CSE-3 | J49: CRT (Campus Recruitment Training) | K49: Hostller | L49: Yes | M49: 8.67 | N49: Dr. Saziya Tabbasum | O49: 0 | P49: 0 | Q49: CLOUD INFRASTRUCTURE DESIGN AND ENGINEERING | R49: Eligible for Acceleration | S49: =VLOOKUP(G49,[1]fc!$B$2:$D$707,3,0) -> 24CS2255F | T49: =VLOOKUP(G49,[1]fc!$B$2:$F$707,5,0) -> ADVANCED DATA STRUCTURES | U49: 24CS2237F | V49: QUANTUM COMPUTING | W49: 24CS2255F | X49: ADVANCED DATA STRUCTURES | Y49: 24CS2227F | Z49: DATA ANALYTICS AND VISUALIZATION | AA49: 24CS2263F | AB49: CYBER THREAT INTELLIGENCE
A50: 49 | B50: 46177.503 | C50: 46177.503 | D50: 2400031805@kluniversity.in | E50: PATHAKOTA HIMA BINDU PATHAKOTA HIMA BINDU | G50: 2400031805 | H50: P. HIMA BINDU | I50: CSE-3 | J50: CRT (Campus Recruitment Training) | K50: Hostller | L50: Yes | M50: 9.16 | N50: Dr. Saziya Tabbasum | O50: 0 | P50: 0 | Q50: BLOCKCHAIN ENGINEERING FOR WEB3 | R50: Eligible for Acceleration | S50: =VLOOKUP(G50,[1]fc!$B$2:$D$707,3,0) -> 24CS2256F | T50: =VLOOKUP(G50,[1]fc!$B$2:$F$707,5,0) -> FOUNDATIONS OF BLOCK CHAIN ENGINEERING
A51: 50 | B51: 46146.968 | C51: 46146.97 | D51: 2400031757@kluniversity.in | E51: TILLAPUDI ESWARI SAI JASMITHA TILLAPUDI ESWARI SAI JASMITHA | G51: 2400031757 | H51: TILLAPUDI ESWARI SAI JASMITHA | I51: CSE-3 | J51: CRT (Campus Recruitment Training) | K51: Hostller | L51: Yes | M51: 8.21 | N51: Dr.ANITHA RANI.PALAKAYALA | O51: 0 | P51: 0 | Q51: AI-DRIVEN LANGUAGE TECHNOLOGIES | R51: Eligible for Acceleration | S51: =VLOOKUP(G51,[1]fc!$B$2:$D$707,3,0) -> 24CS2256F | T51: =VLOOKUP(G51,[1]fc!$B$2:$F$707,5,0) -> FOUNDATIONS OF BLOCK CHAIN ENGINEERING | U51: 24CS2237F | V51: QUANTUM COMPUTING | W51: 24CS2255F | X51: ADVANCED DATA STRUCTURES | Y51: 24CS2227F | Z51: DATA ANALYTICS AND VISUALIZATION | AA51: 24CS2263F | AB51: CYBER THREAT INTELLIGENCE
A52: 51 | B52: 46207.733 | C52: 46207.733 | D52: 2400032365@kluniversity.in | E52: M DHAMOTHIRAN M DHAMOTHIRAN | G52: 2400032365 | H52: M DHAMOTHIRAN | I52: CSE-3 | J52: CRT (Campus Recruitment Training) | K52: Day Scholar | L52: Yes | M52: 8.2 | N52: Dr.K.V.V.Satyanarayana | O52: 0 | P52: 0 | Q52: AI-DRIVEN LANGUAGE TECHNOLOGIES | R52: Eligible for Acceleration | S52: =VLOOKUP(G52,[1]fc!$B$2:$D$707,3,0) -> 24CS2224F | T52: =VLOOKUP(G52,[1]fc!$B$2:$F$707,5,0) -> CRYPT ANALYSIS AND CYBER DEFENCE | U52: 24CS2237F | V52: QUANTUM COMPUTING | W52: 24CS2255F | X52: ADVANCED DATA STRUCTURES | Y52: 24CS2227F | Z52: DATA ANALYTICS AND VISUALIZATION | AA52: 24CS2263F | AB52: CYBER THREAT INTELLIGENCE
A53: 52 | B53: 46146.391 | C53: 46146.391 | D53: 2400032832@kluniversity.in | E53: SUNKARA PRASANNA LAKSHMI SUNKARA PRASANNA LAKSHMI | G53: 2400032832 | H53: Sunkara Prasanna lakshmi | I53: CSE-3 | J53: CRT (Campus Recruitment Training) | K53: Day Scholar | L53: Yes | M53: 8.47 | N53: Dr.ANITHA RANI.PALAKAYALA | O53: 0 | P53: 0 | Q53: DATA ENGINEERING FOR AI | R53: Eligible for Acceleration | S53: =VLOOKUP(G53,[1]fc!$B$2:$D$707,3,0) -> 24CS2258F | T53: =VLOOKUP(G53,[1]fc!$B$2:$F$707,5,0) -> NATURAL LANGUAGE PROCESSING | U53: 24CS2237F | V53: QUANTUM COMPUTING | W53: 24CS2255F | X53: ADVANCED DATA STRUCTURES | Y53: 24CS2263F | Z53: CYBER THREAT INTELLIGENCE | AA53: 24CS2224F | AB53: CRYPT ANALYSIS AND CYBER DEFENCE
A54: 53 | B54: 46146.427 | C54: 46146.436 | D54: 2400030968@kluniversity.in | E54: KOMARAGIRI POORVITHA SAI KOMARAGIRI POORVITHA SAI | G54: 2400030968 | H54: Komaragiri Poorvitha Sai | I54: CSE-3 | J54: CRT (Campus Recruitment Training) | K54: Day Scholar | L54: Yes | M54: 8.52 | N54: Dr.ANITHA RANI.PALAKAYALA | O54: 0 | P54: 0 | Q54: DATA ENGINEERING FOR AI | R54: Eligible for Acceleration | S54: =VLOOKUP(G54,[1]fc!$B$2:$D$707,3,0) -> 24CS2255F | T54: =VLOOKUP(G54,[1]fc!$B$2:$F$707,5,0) -> ADVANCED DATA STRUCTURES | U54: 24CS2237F | V54: QUANTUM COMPUTING | W54: 24CS2255F | X54: ADVANCED DATA STRUCTURES | Y54: 24CS2263F | Z54: CYBER THREAT INTELLIGENCE | AA54: 24CS2224F | AB54: CRYPT ANALYSIS AND CYBER DEFENCE
A55: 54 | B55: 46146.44 | C55: 46146.441 | D55: 2400030891@kluniversity.in | E55: PETLA HARSHINI PETLA HARSHINI | G55: 2400030891 | H55: P.Harshini | I55: CSE-3 | J55: CRT (Campus Recruitment Training) | K55: Day Scholar | L55: Yes | M55: 8.36 | N55: Dr.ANITHA RANI.PALAKAYALA | O55: 0 | P55: 0 | Q55: DATA SCIENCE AND BIG DATA ANALYTICS | R55: Eligible for Acceleration | S55: =VLOOKUP(G55,[1]fc!$B$2:$D$707,3,0) -> 24CS2256F | T55: =VLOOKUP(G55,[1]fc!$B$2:$F$707,5,0) -> FOUNDATIONS OF BLOCK CHAIN ENGINEERING | U55: 24CS2237F | V55: QUANTUM COMPUTING | W55: 24CS2255F | X55: ADVANCED DATA STRUCTURES | Y55: 24CS2263F | Z55: CYBER THREAT INTELLIGENCE | AA55: 24CS2224F | AB55: CRYPT ANALYSIS AND CYBER DEFENCE
A56: 55 | B56: 46146.822 | C56: 46146.839 | D56: 2400031542@kluniversity.in | E56: KADIYAM UDAYA SRI KADIYAM UDAYA SRI | G56: 2400031542 | H56: K.Udaya Sri | I56: CSE-3 | J56: Non-CRT | K56: Day Scholar | L56: Yes | M56: 8.17 | N56: Dr.ANITHA RANI.PALAKAYALA | O56: 0 | P56: 0 | Q56: AI SYSTEMS FOR VISUAL INTELLIGENCE | R56: Eligible for Acceleration | S56: =VLOOKUP(G56,[1]fc!$B$2:$D$707,3,0) -> 24CS2227F | T56: =VLOOKUP(G56,[1]fc!$B$2:$F$707,5,0) -> DATA ANALYTICS AND VISUALIZATION | U56: 24CS2237F | V56: QUANTUM COMPUTING | W56: 24CS2255F | X56: ADVANCED DATA STRUCTURES | Y56: 24CS2227F | Z56: DATA ANALYTICS AND VISUALIZATION | AA56: 24CS2263F | AB56: CYBER THREAT INTELLIGENCE
A57: 56 | B57: 46146.836 | C57: 46146.839 | D57: 2400031548@kluniversity.in | E57: KALIDINDI PRANATHI SATYA SOWMYA KALIDINDI PRANATHI SATYA SOWMYA | G57: 2400031548 | H57: K.Pranathi Satya Sowmya | I57: CSE-3 | J57: Non-CRT | K57: Day Scholar | L57: Yes | M57: 8.83 | N57: Dr.Panguluri Padmavathi | O57: 0 | P57: 0 | Q57: AI-DRIVEN LANGUAGE TECHNOLOGIES | R57: Eligible for Acceleration | S57: =VLOOKUP(G57,[1]fc!$B$2:$D$707,3,0) -> 24CS2227F | T57: =VLOOKUP(G57,[1]fc!$B$2:$F$707,5,0) -> DATA ANALYTICS AND VISUALIZATION | U57: 24CS2237F | V57: QUANTUM COMPUTING | W57: 24CS2255F | X57: ADVANCED DATA STRUCTURES | Y57: 24CS2227F | Z57: DATA ANALYTICS AND VISUALIZATION | AA57: 24CS2263F | AB57: CYBER THREAT INTELLIGENCE
A58: 57 | B58: 46177.652 | C58: 46177.652 | D58: 2400030512@kluniversity.in | E58: LEELA SATHWIK DEVARAKONDA LEELA SATHWIK DEVARAKONDA | G58: 2400030512 | H58: Sathwik Devarakonda | I58: CSE-3 | J58: CRT (Campus Recruitment Training) | K58: Hostller | L58: Yes | M58: 8.26 | N58: Dr.ANITHA RANI.PALAKAYALA | O58: 0 | P58: 0 | Q58: DATA SCIENCE AND BIG DATA ANALYTICS | R58: Eligible for Acceleration | S58: =VLOOKUP(G58,[1]fc!$B$2:$D$707,3,0) -> 24CS2255F | T58: =VLOOKUP(G58,[1]fc!$B$2:$F$707,5,0) -> ADVANCED DATA STRUCTURES | U58: 24CS2237F | V58: QUANTUM COMPUTING | W58: 24CS2255F | X58: ADVANCED DATA STRUCTURES | Y58: 24CS2263F | Z58: CYBER THREAT INTELLIGENCE | AA58: 24CS2224F | AB58: CRYPT ANALYSIS AND CYBER DEFENCE
A59: 58 | B59: 46177.711 | C59: 46177.712 | D59: 2400031909@kluniversity.in | E59: TIRUMALASETTI TANUSRI TIRUMALASETTI TANUSRI | G59: 2400031909 | H59: Tirumalasetti Tanusri | I59: CSE-3 | J59: CRT (Campus Recruitment Training) | K59: Day Scholar | L59: Yes | M59: 8.23 | N59: Dr.ANITHA RANI.PALAKAYALA | O59: 0 | P59: 0 | Q59: DATA SCIENCE AND BIG DATA ANALYTICS | R59: Eligible for Acceleration | S59: =VLOOKUP(G59,[1]fc!$B$2:$D$707,3,0) -> 24CS2255F | T59: =VLOOKUP(G59,[1]fc!$B$2:$F$707,5,0) -> ADVANCED DATA STRUCTURES | U59: 24CS2237F | V59: QUANTUM COMPUTING | W59: 24CS2255F | X59: ADVANCED DATA STRUCTURES | Y59: 24CS2263F | Z59: CYBER THREAT INTELLIGENCE | AA59: 24CS2224F | AB59: CRYPT ANALYSIS AND CYBER DEFENCE
A60: 59 | B60: 46146.379 | C60: 46146.379 | D60: 2400030487@kluniversity.in | E60: KANIKE VIJAYA RAGHAVENDRA KANIKE VIJAYA RAGHAVENDRA | G60: 2400030487 | H60: KANIKE VIJAYA RAGHAVENDRA | I60: CSE-3 | J60: CRT (Campus Recruitment Training) | K60: Day Scholar | L60: Yes | M60: 9.31 | N60: Dr.K.V.V.Satyanarayana | O60: 0 | P60: 0 | Q60: AI FOR COMPUTATIONAL INTELLIGENCE | R60: Eligible for Acceleration | S60: =VLOOKUP(G60,[1]fc!$B$2:$D$707,3,0) -> 24CS2255F | T60: =VLOOKUP(G60,[1]fc!$B$2:$F$707,5,0) -> ADVANCED DATA STRUCTURES | U60: 24CS2237F | V60: QUANTUM COMPUTING | W60: 24CS2255F | X60: ADVANCED DATA STRUCTURES | Y60: 24CS2227F | Z60: DATA ANALYTICS AND VISUALIZATION | AA60: 24CS2263F | AB60: CYBER THREAT INTELLIGENCE
A61: 60 | B61: 46146.435 | C61: 46146.436 | D61: 2400030994@kluniversity.in | E61: HUKUMATHIRAO VENKATA KARTHIK HUKUMATHIRAO VENKATA KARTHIK | G61: 2400030994 | H61: H.venkata karthik | I61: CSE-3 | J61: CRT (Campus Recruitment Training) | K61: Hostller | L61: Yes | M61: 8.04 | N61: Dr.K.V.V.Satyanarayana | O61: 0 | P61: 0 | Q61: DATA ENGINEERING FOR AI | R61: Eligible for Acceleration | S61: =VLOOKUP(G61,[1]fc!$B$2:$D$707,3,0) -> 24CS2255F | T61: =VLOOKUP(G61,[1]fc!$B$2:$F$707,5,0) -> ADVANCED DATA STRUCTURES | U61: 24CS2237F | V61: QUANTUM COMPUTING | W61: 24CS2255F | X61: ADVANCED DATA STRUCTURES | Y61: 24CS2263F | Z61: CYBER THREAT INTELLIGENCE | AA61: 24CS2224F | AB61: CRYPT ANALYSIS AND CYBER DEFENCE
A62: 61 | B62: 46146.435 | C62: 46146.436 | D62: 2400030592@kluniversity.in | E62: NUNE GIRI PRANEETH NUNE GIRI PRANEETH | G62: 2400030592 | H62: NUNE GIRI PRANEETH | I62: CSE-3 | J62: CRT (Campus Recruitment Training) | K62: Day Scholar | L62: Yes | M62: 8.17 | N62: Dr.K.V.V.Satyanarayana | O62: 0 | P62: 0 | Q62: DATA ENGINEERING FOR AI | R62: Eligible for Acceleration | S62: =VLOOKUP(G62,[1]fc!$B$2:$D$707,3,0) -> 24CS2255F | T62: =VLOOKUP(G62,[1]fc!$B$2:$F$707,5,0) -> ADVANCED DATA STRUCTURES | U62: 24CS2237F | V62: QUANTUM COMPUTING | W62: 24CS2255F | X62: ADVANCED DATA STRUCTURES | Y62: 24CS2263F | Z62: CYBER THREAT INTELLIGENCE | AA62: 24CS2224F | AB62: CRYPT ANALYSIS AND CYBER DEFENCE
... A67: 66 | B67: 46146.843 | C67: 46146.844 | D67: 2400032087@kluniversity.in | E67: VEMPATI LAXMI HEMALATHA VEMPATI LAXMI HEMALATHA | G67: 2400032087 | H67: V.Laxmi hemalatha | I67: CSE-3 | J67: CRT (Campus Recruitment Training) | K67: Hostller | L67: Yes | M67: 8.73 | N67: Dr.Panguluri Padmavathi | O67: 0 | P67: 0 | Q67: AI-DRIVEN LANGUAGE TECHNOLOGIES | R67: Eligible for Acceleration | S67: =VLOOKUP(G67,[1]fc!$B$2:$D$707,3,0) -> 24CS2237F | T67: =VLOOKUP(G67,[1]fc!$B$2:$F$707,5,0) -> QUANTUM COMPUTING | U67: 24CS2237F | V67: QUANTUM COMPUTING | W67: 24CS2255F | X67: ADVANCED DATA STRUCTURES | Y67: 24CS2227F | Z67: DATA ANALYTICS AND VISUALIZATION | AA67: 24CS2263F | AB67: CYBER THREAT INTELLIGENCE
A68: 67 | B68: 46207.949 | C68: 46207.949 | D68: 2400031474@kluniversity.in | E68: DODDI SAI KUMAR DODDI SAI KUMAR | G68: 2400031474 | H68: D.saikumar | I68: CSE-3 | J68: CRT (Campus Recruitment Training) | K68: Hostller | L68: Yes | M68: 9.22 | N68: Dr.K.V.V.Satyanarayana | O68: 0 | P68: 0 | Q68: CYBER SECURITY AND BLOCKCHAIN TECHNOLOGY | R68: Eligible for Acceleration | S68: =VLOOKUP(G68,[1]fc!$B$2:$D$707,3,0) -> 24CS2237F | T68: =VLOOKUP(G68,[1]fc!$B$2:$F$707,5,0) -> QUANTUM COMPUTING | U68: 24CS2237F | V68: QUANTUM COMPUTING | W68: 24CS2255F | X68: ADVANCED DATA STRUCTURES | Y68: 24CS2227F | Z68: DATA ANALYTICS AND VISUALIZATION
A69: 68 | B69: 46146.712 | C69: 46146.712 | D69: 2400030332@kluniversity.in | E69: KANTAMANI NALIN KUMAR KANTAMANI NALIN KUMAR | G69: 2400030332 | H69: KANTAMANI NALIN KUMAR | I69: CSE-3 | J69: CRT (Campus Recruitment Training) | K69: Hostller | L69: Yes | M69: 9.41 | N69: Dr.N. Srinivasu | O69: 0 | P69: 0 | Q69: AI FOR COMPUTATIONAL INTELLIGENCE | R69: Eligible for Acceleration | S69: =VLOOKUP(G69,[1]fc!$B$2:$D$707,3,0) -> 24CS2255F | T69: =VLOOKUP(G69,[1]fc!$B$2:$F$707,5,0) -> ADVANCED DATA STRUCTURES | U69: 24CS2237F | V69: QUANTUM COMPUTING | W69: 24CS2255F | X69: ADVANCED DATA STRUCTURES | Y69: 24CS2227F | Z69: DATA ANALYTICS AND VISUALIZATION | AA69: 24CS2263F | AB69: CYBER THREAT INTELLIGENCE
A70: 69 | B70: 46146.406 | C70: 46146.407 | D70: 2400032586@kluniversity.in | E70: ABOTHU LASYA ABOTHU LASYA | G70: 2400032586 | H70: Abothu Lasya | I70: CSE-3 | J70: CRT (Campus Recruitment Training) | K70: Hostller | L70: Yes | M70: 8.68 | N70: Dr.Panguluri Padmavathi | O70: 0 | P70: 0 | Q70: AI FOR COMPUTATIONAL INTELLIGENCE | R70: Eligible for Acceleration | S70: =VLOOKUP(G70,[1]fc!$B$2:$D$707,3,0) -> 24CS2237F | T70: =VLOOKUP(G70,[1]fc!$B$2:$F$707,5,0) -> QUANTUM COMPUTING | U70: 24CS2237F | V70: QUANTUM COMPUTING | W70: 24CS2255F | X70: ADVANCED DATA STRUCTURES | Y70: 24CS2227F | Z70: DATA ANALYTICS AND VISUALIZATION | AA70: 24CS2263F | AB70: CYBER THREAT INTELLIGENCE
A71: 70 | B71: 46146.654 | C71: 46146.655 | D71: 2400032249@kluniversity.in | E71: GANNIREDDY BHAVYA AKHILA GANNIREDDY BHAVYA AKHILA | G71: 2400032249 | H71: G.Bhavya Akhila | I71: CSE-3 | J71: CRT (Campus Recruitment Training) | K71: Hostller | L71: Yes | M71: 8.76 | N71: Dr.Panguluri Padmavathi | O71: 0 | P71: 0 | Q71: DATA SCIENCE AND BIG DATA ANALYTICS | R71: Eligible for Acceleration | S71: =VLOOKUP(G71,[1]fc!$B$2:$D$707,3,0) -> 24CS2256F | T71: =VLOOKUP(G71,[1]fc!$B$2:$F$707,5,0) -> FOUNDATIONS OF BLOCK CHAIN ENGINEERING | U71: 24CS2237F | V71: QUANTUM COMPUTING | W71: 24CS2255F | X71: ADVANCED DATA STRUCTURES | Y71: 24CS2263F | Z71: CYBER THREAT INTELLIGENCE | AA71: 24CS2224F | AB71: CRYPT ANALYSIS AND CYBER DEFENCE
A72: 71 | B72: 46177.574 | C72: 46177.575 | D72: 2400032010@kluniversity.in | E72: LEKKALA HARI CHANDANA PRIYA LEKKALA HARI CHANDANA PRIYA | G72: 2400032010 | H72: L.Hari chandana priya | I72: CSE-3 | J72: CRT (Campus Recruitment Training) | K72: Hostller | L72: Yes | M72: 8.84 | N72: Dr.Panguluri Padmavathi | O72: 0 | P72: 0 | Q72: AI-DRIVEN LANGUAGE TECHNOLOGIES | R72: Eligible for Acceleration | S72: =VLOOKUP(G72,[1]fc!$B$2:$D$707,3,0) -> 24CS2227F | T72: =VLOOKUP(G72,[1]fc!$B$2:$F$707,5,0) -> DATA ANALYTICS AND VISUALIZATION | U72: 24CS2237F | V72: QUANTUM COMPUTING | W72: 24CS2255F | X72: ADVANCED DATA STRUCTURES | Y72: 24CS2227F | Z72: DATA ANALYTICS AND VISUALIZATION | AA72: 24CS2263F | AB72: CYBER THREAT INTELLIGENCE
A73: 72 | B73: 46177.737 | C73: 46177.738 | D73: 2400031647@kluniversity.in | E73: PUCHALAPALLI SUJITHAREDDY PUCHALAPALLI SUJITHAREDDY | G73: 2400031647 | H73: PUCHALAPALLI SUJITHA REDDY | I73: CSE-3 | J73: CRT (Campus Recruitment Training) | K73: Hostller | L73: Yes | M73: 9.23 | N73: Dr.Panguluri Padmavathi | O73: 0 | P73: 0 | Q73: AI-DRIVEN LANGUAGE TECHNOLOGIES | R73: Eligible for Acceleration | S73: =VLOOKUP(G73,[1]fc!$B$2:$D$707,3,0) -> 24CS2258F | T73: =VLOOKUP(G73,[1]fc!$B$2:$F$707,5,0) -> NATURAL LANGUAGE PROCESSING | U73: 24CS2237F | V73: QUANTUM COMPUTING | W73: 24CS2255F | X73: ADVANCED DATA STRUCTURES | Y73: 24CS2227F | Z73: DATA ANALYTICS AND VISUALIZATION | AA73: 24CS2263F | AB73: CYBER THREAT INTELLIGENCE
A74: 73 | B74: 46177.765 | C74: 46177.769 | D74: 2400031964@kluniversity.in | E74: GANGIREDDY TEJASWINI GANGIREDDY TEJASWINI | G74: 2400031964 | H74: Gangireddy Tejaswini | I74: CSE-3 | J74: CRT (Campus Recruitment Training) | K74: Day Scholar | L74: Yes | M74: 8.71 | N74: Dr.Panguluri Padmavathi | O74: 0 | P74: 0 | Q74: AI-DRIVEN LANGUAGE TECHNOLOGIES | R74: Eligible for Acceleration | S74: =VLOOKUP(G74,[1]fc!$B$2:$D$707,3,0) -> 24CS2258F | T74: =VLOOKUP(G74,[1]fc!$B$2:$F$707,5,0) -> NATURAL LANGUAGE PROCESSING | U74: 24CS2237F | V74: QUANTUM COMPUTING | W74: 24CS2255F | X74: ADVANCED DATA STRUCTURES | Y74: 24CS2227F | Z74: DATA ANALYTICS AND VISUALIZATION | AA74: 24CS2263F | AB74: CYBER THREAT INTELLIGENCE
A75: 74 | B75: 46177.686 | C75: 46177.687 | D75: 2400033193@kluniversity.in | E75: SABBAVARAPU VINAY SABBAVARAPU VINAY | G75: 2400033193 | H75: SABBAVARAPU VINAY | I75: CSE-3 | J75: CRT (Campus Recruitment Training) | K75: Day Scholar | L75: Yes | M75: 8.02 | N75: Dr.Rajiv Jetson | O75: 0 | P75: 0 | Q75: AI-DRIVEN LANGUAGE TECHNOLOGIES | R75: Eligible for Acceleration | S75: =VLOOKUP(G75,[1]fc!$B$2:$D$707,3,0) -> 24CS2264F | T75: =VLOOKUP(G75,[1]fc!$B$2:$F$707,5,0) -> GAME SYSTEMS DESIGN AND DEVELOPMENT | U75: 24CS2237F | V75: QUANTUM COMPUTING | W75: 24CS2255F | X75: ADVANCED DATA STRUCTURES | Y75: 24CS2227F | Z75: DATA ANALYTICS AND VISUALIZATION | AA75: 24CS2263F | AB75: CYBER THREAT INTELLIGENCE
A76: 75 | B76: 46207.644 | C76: 46207.645 | D76: 2400032449@kluniversity.in | E76: SHAIK ALTHAF AHAMMAD SHAIK ALTHAF AHAMMAD | G76: 2400032449 | H76: Shaik Althaf Ahammad | I76: CSE-3 | J76: CRT (Campus Recruitment Training) | K76: Day Scholar | L76: Yes | M76: 8.42 | N76: Dr.Sanjeev Kumar | O76: 0 | P76: 0 | Q76: AI-DRIVEN LANGUAGE TECHNOLOGIES | R76: Eligible for Acceleration | S76: =VLOOKUP(G76,[1]fc!$B$2:$D$707,3,0) -> 24CS2237F | T76: =VLOOKUP(G76,[1]fc!$B$2:$F$707,5,0) -> QUANTUM COMPUTING | U76: 24CS2237F | V76: QUANTUM COMPUTING | W76: 24CS2255F | X76: ADVANCED DATA STRUCTURES | Y76: 24CS2227F | Z76: DATA ANALYTICS AND VISUALIZATION | AA76: 24CS2263F | AB76: CYBER THREAT INTELLIGENCE
A77: 76 | B77: 46146.476 | C77: 46146.477 | D77: 2400031500@kluniversity.in | E77: PUNURU VENU MADHAV REDDY PUNURU VENU MADHAV REDDY | G77: 2400031500 | H77: PUNURU VENU MADHAV REDDY | I77: CSE-3 | J77: CRT (Campus Recruitment Training) | K77: Day Scholar | L77: Yes | M77: 8.97 | N77: Dr.T.Vamsidhar | O77: 0 | P77: 0 | Q77: AI-DRIVEN LANGUAGE TECHNOLOGIES | R77: Eligible for Acceleration | S77: =VLOOKUP(G77,[1]fc!$B$2:$D$707,3,0) -> 24CS2258F | T77: =VLOOKUP(G77,[1]fc!$B$2:$F$707,5,0) -> NATURAL LANGUAGE PROCESSING | U77: 24CS2237F | V77: QUANTUM COMPUTING | W77: 24CS2255F | X77: ADVANCED DATA STRUCTURES | Y77: 24CS2227F | Z77: DATA ANALYTICS AND VISUALIZATION | AA77: 24CS2263F | AB77: CYBER THREAT INTELLIGENCE
A78: 77 | B78: 46177.775 | C78: 46177.776 | D78: 2400032840@kluniversity.in | E78: MUKKU DURGA BHAVANI MUKKU DURGA BHAVANI | G78: 2400032840 | H78: M.Durgabhavani | I78: CSE-3 | J78: CRT (Campus Recruitment Training) | K78: Hostller | L78: Yes | M78: 8.76 | N78: Dr.Panguluri Padmavathi | O78: 0 | P78: 0 | Q78: AI SYSTEMS FOR VISUAL INTELLIGENCE | R78: Eligible for Acceleration | S78: =VLOOKUP(G78,[1]fc!$B$2:$D$707,3,0) -> 24CS2227F | T78: =VLOOKUP(G78,[1]fc!$B$2:$F$707,5,0) -> DATA ANALYTICS AND VISUALIZATION | U78: 24CS2237F | V78: QUANTUM COMPUTING | W78: 24CS2255F | X78: ADVANCED DATA STRUCTURES | Y78: 24CS2227F | Z78: DATA ANALYTICS AND VISUALIZATION | AA78: 24CS2263F | AB78: CYBER THREAT INTELLIGENCE
A79: 78 | B79: 46177.953 | C79: 46177.953 | D79: 2400032810@kluniversity.in | E79: MANDALAPU ASHA SRI MANDALAPU ASHA SRI | G79: 2400032810 | H79: M .Asha sri | I79: CSE-3 | J79: Non-CRT | K79: Day Scholar | L79: Yes | M79: 8.68 | N79: Dr.Panguluri Padmavathi | O79: 0 | P79: 0 | Q79: AI SYSTEMS FOR VISUAL INTELLIGENCE | R79: Eligible for Acceleration | S79: =VLOOKUP(G79,[1]fc!$B$2:$D$707,3,0) -> 24CS2239F | T79: =VLOOKUP(G79,[1]fc!$B$2:$F$707,5,0) -> SOFTWARE VERIFICATION AND VALIDATION | U79: 24CS2237F | V79: QUANTUM COMPUTING | W79: 24CS2255F | X79: ADVANCED DATA STRUCTURES | Y79: 24CS2227F | Z79: DATA ANALYTICS AND VISUALIZATION | AA79: 24CS2263F | AB79: CYBER THREAT INTELLIGENCE
A80: 79 | B80: 46177.455 | C80: 46177.455 | D80: 2400031959@kluniversity.in | E80: YARAMATI TEJA SAI SAMPATH YARAMATI TEJA SAI SAMPATH | G80: 2400031959 | H80: Y. Teja Sai Sampath | I80: CSE-3 | J80: CRT (Campus Recruitment Training) | K80: Day Scholar | L80: Yes | M80: 8.82 | N80: Dr.T.Vamsidhar | O80: 0 | P80: 0 | Q80: AI-DRIVEN LANGUAGE TECHNOLOGIES | R80: Eligible for Acceleration | S80: =VLOOKUP(G80,[1]fc!$B$2:$D$707,3,0) -> 24CS2258F | T80: =VLOOKUP(G80,[1]fc!$B$2:$F$707,5,0) -> NATURAL LANGUAGE PROCESSING | U80: 24CS2237F | V80: QUANTUM COMPUTING | W80: 24CS2255F | X80: ADVANCED DATA STRUCTURES | Y80: 24CS2227F | Z80: DATA ANALYTICS AND VISUALIZATION | AA80: 24CS2263F | AB80: CYBER THREAT INTELLIGENCE
A81: 80 | B81: 46146.404 | C81: 46146.406 | D81: 2400031254@kluniversity.in | E81: PADAMATA TARUN TANMAY PADAMATA TARUN TANMAY | G81: 2400031254 | H81: P.TARUN TANMAY | I81: CSE-3 | J81: CRT (Campus Recruitment Training) | K81: Day Scholar | L81: Yes | M81: 8.22 | N81: Dr.Tata Ravi Kumar | O81: 0 | P81: 0 | Q81: AI-DRIVEN LANGUAGE TECHNOLOGIES | R81: Eligible for Acceleration | S81: =VLOOKUP(G81,[1]fc!$B$2:$D$707,3,0) -> 24CS2239F | T81: =VLOOKUP(G81,[1]fc!$B$2:$F$707,5,0) -> SOFTWARE VERIFICATION AND VALIDATION | U81: 24CS2237F | V81: QUANTUM COMPUTING | W81: 24CS2255F | X81: ADVANCED DATA STRUCTURES | Y81: 24CS2227F | Z81: DATA ANALYTICS AND VISUALIZATION
A82: 81 | B82: 46146.017 | C82: 46146.017 | D82: 2400032574@kluniversity.in | E82: BOBBA VINAY REDDY BOBBA VINAY REDDY | G82: 2400032574 | H82: BOBBA VINAY REDDY | I82: CSE-3 | J82: CRT (Campus Recruitment Training) | K82: Hostller | L82: Yes | M82: 8.7 | N82: Dr.Rajiv Jetson | O82: 0 | P82: 0 | Q82: DATA SCIENCE AND BIG DATA ANALYTICS | R82: Eligible for Acceleration | S82: =VLOOKUP(G82,[1]fc!$B$2:$D$707,3,0) -> 24CS2256F | T82: =VLOOKUP(G82,[1]fc!$B$2:$F$707,5,0) -> FOUNDATIONS OF BLOCK CHAIN ENGINEERING | U82: 24CS2237F | V82: QUANTUM COMPUTING | W82: 24CS2255F | X82: ADVANCED DATA STRUCTURES | Y82: 24CS2263F | Z82: CYBER THREAT INTELLIGENCE | AA82: 24CS2224F | AB82: CRYPT ANALYSIS AND CYBER DEFENCE
A83: 82 | B83: 46146.379 | C83: 46146.381 | D83: 2400033341@kluniversity.in | E83: 2400033341@kluniversity.in | G83: 2400033341 | H83: K Nandini | I83: CSE-3 | J83: CRT (Campus Recruitment Training) | K83: Hostller | L83: Yes | M83: 8.49 | N83: Dr.Rajiv Jetson | O83: 0 | P83: 0 | Q83: DATA ENGINEERING FOR AI | R83: Eligible for Acceleration | S83: =VLOOKUP(G83,[1]fc!$B$2:$D$707,3,0) -> 24CS2255F | T83: =VLOOKUP(G83,[1]fc!$B$2:$F$707,5,0) -> ADVANCED DATA STRUCTURES | U83: 24CS2237F | V83: QUANTUM COMPUTING | W83: 24CS2255F | X83: ADVANCED DATA STRUCTURES | Y83: 24CS2263F | Z83: CYBER THREAT INTELLIGENCE | AA83: 24CS2224F | AB83: CRYPT ANALYSIS AND CYBER DEFENCE
A84: 83 | B84: 46146.471 | C84: 46146.472 | D84: 2400033168@kluniversity.in | E84: LANKIPALLI NAVYA SREE LANKIPALLI NAVYA SREE | G84: 2400033168 | H84: Navya sree lankipalli | I84: CSE-3 | J84: CRT (Campus Recruitment Training) | K84: Hostller | L84: Yes | M84: 8.75 | N84: Dr.Rajiv Jetson | O84: 0 | P84: 0 | Q84: DATA SCIENCE AND BIG DATA ANALYTICS | R84: Eligible for Acceleration | S84: =VLOOKUP(G84,[1]fc!$B$2:$D$707,3,0) -> 24CS2224F | T84: =VLOOKUP(G84,[1]fc!$B$2:$F$707,5,0) -> CRYPT ANALYSIS AND CYBER DEFENCE | U84: 24CS2237F | V84: QUANTUM COMPUTING | W84: 24CS2255F | X84: ADVANCED DATA STRUCTURES | Y84: 24CS2263F | Z84: CYBER THREAT INTELLIGENCE | AA84: 24CS2224F | AB84: CRYPT ANALYSIS AND CYBER DEFENCE
A85: 84 | B85: 46177.537 | C85: 46177.538 | D85: 2400032968@kluniversity.in | E85: PALADUGU GOPI CHANDU PALADUGU GOPI CHANDU | G85: 2400032968 | H85: P Gopi chandu | I85: CSE-3 | J85: CRT (Campus Recruitment Training) | K85: Day Scholar | L85: Yes | M85: 8.28 | N85: Dr.Rajiv Jetson | O85: 0 | P85: 0 | Q85: DATA SCIENCE AND BIG DATA ANALYTICS | R85: Eligible for Acceleration | S85: =VLOOKUP(G85,[1]fc!$B$2:$D$707,3,0) -> 24CS2224F | T85: =VLOOKUP(G85,[1]fc!$B$2:$F$707,5,0) -> CRYPT ANALYSIS AND CYBER DEFENCE | U85: 24CS2237F | V85: QUANTUM COMPUTING | W85: 24CS2255F | X85: ADVANCED DATA STRUCTURES | Y85: 24CS2263F | Z85: CYBER THREAT INTELLIGENCE | AA85: 24CS2224F | AB85: CRYPT ANALYSIS AND CYBER DEFENCE
A86: 85 | B86: 46177.444 | C86: 46177.444 | D86: 2400033070@kluniversity.in | E86: ANNAM KARTHIKEYAN ANNAM KARTHIKEYAN | G86: 2400033070 | H86: Annam Karthikeyan | I86: CSE-3 | J86: CRT (Campus Recruitment Training) | K86: Day Scholar | L86: Yes | M86: 8.88 | N86: Mr. R Ranjith Kumar | O86: 0 | P86: 0 | Q86: AI-DRIVEN LANGUAGE TECHNOLOGIES | R86: Eligible for Acceleration | S86: =VLOOKUP(G86,[1]fc!$B$2:$D$707,3,0) -> 24CS2256F | T86: =VLOOKUP(G86,[1]fc!$B$2:$F$707,5,0) -> FOUNDATIONS OF BLOCK CHAIN ENGINEERING | U86: 24CS2237F | V86: QUANTUM COMPUTING | W86: 24CS2255F | X86: ADVANCED DATA STRUCTURES | Y86: 24CS2227F | Z86: DATA ANALYTICS AND VISUALIZATION | AA86: 24CS2263F | AB86: CYBER THREAT INTELLIGENCE
A87: 86 | B87: 46146.489 | C87: 46146.489 | D87: 2400033225@kluniversity.in | E87: V P D JAHNAVI PYLA V P D JAHNAVI PYLA | G87: 2400033225 | H87: V P D Jahnavi Pyla | I87: CSE-3 | J87: CRT (Campus Recruitment Training) | K87: Hostller | L87: Yes | M87: 9.51 | N87: Mr. Ravinuthala Pavan Kumar | O87: 0 | P87: 0 | Q87: AI-DRIVEN LANGUAGE TECHNOLOGIES | R87: Eligible for Acceleration | S87: =VLOOKUP(G87,[1]fc!$B$2:$D$707,3,0) -> 24CS2255F | T87: =VLOOKUP(G87,[1]fc!$B$2:$F$707,5,0) -> ADVANCED DATA STRUCTURES | U87: 24CS2237F | V87: QUANTUM COMPUTING | W87: 24CS2255F | X87: ADVANCED DATA STRUCTURES | Y87: 24CS2227F | Z87: DATA ANALYTICS AND VISUALIZATION | AA87: 24CS2263F | AB87: CYBER THREAT INTELLIGENCE
A88: 87 | B88: 46207.421 | C88: 46207.421 | D88: 2400032922@kluniversity.in | E88: KANURI BALAJI SESHA SRI SAI KANURI BALAJI SESHA SRI SAI | G88: 2400032922 | H88: Balaji sesha sri sai | I88: CSE-3 | J88: CRT (Campus Recruitment Training) | K88: Hostller | L88: Yes | M88: 8.13 | N88: Dr.Rajiv Jetson | O88: 0 | P88: 0 | Q88: AI SYSTEMS FOR VISUAL INTELLIGENCE | R88: Eligible for Acceleration | S88: =VLOOKUP(G88,[1]fc!$B$2:$D$707,3,0) -> 24CS2239F | T88: =VLOOKUP(G88,[1]fc!$B$2:$F$707,5,0) -> SOFTWARE VERIFICATION AND VALIDATION | U88: 24CS2237F | V88: QUANTUM COMPUTING | W88: 24CS2255F | X88: ADVANCED DATA STRUCTURES | Y88: 24CS2227F | Z88: DATA ANALYTICS AND VISUALIZATION | AA88: 24CS2263F | AB88: CYBER THREAT INTELLIGENCE
A89: 88 | B89: 46177.322 | C89: 46177.323 | D89: 2400032287@kluniversity.in | E89: MEKA SAHASRA MEKA SAHASRA | G89: 2400032287 | H89: Meka sahasra | I89: CSE-3 | J89: CRT (Campus Recruitment Training) | K89: Hostller | L89: Yes | M89: 9.07 | N89: Dr.Sanjeev Kumar | O89: 0 | P89: 0 | Q89: DATA SCIENCE AND BIG DATA ANALYTICS | R89: Eligible for Acceleration | S89: =VLOOKUP(G89,[1]fc!$B$2:$D$707,3,0) -> 24CS2256F | T89: =VLOOKUP(G89,[1]fc!$B$2:$F$707,5,0) -> FOUNDATIONS OF BLOCK CHAIN ENGINEERING | U89: 24CS2237F | V89: QUANTUM COMPUTING | W89: 24CS2255F | X89: ADVANCED DATA STRUCTURES | Y89: 24CS2263F | Z89: CYBER THREAT INTELLIGENCE | AA89: 24CS2224F | AB89: CRYPT ANALYSIS AND CYBER DEFENCE
A90: 89 | B90: 46177.558 | C90: 46177.559 | D90: 2400032466@kluniversity.in | E90: KULLU VENKATA PALLAVI KULLU VENKATA PALLAVI | G90: 2400032466 | H90: K.Venkata Pallavi | I90: CSE-3 | J90: CRT (Campus Recruitment Training) | K90: Hostller | L90: Yes | M90: 9.26 | N90: Dr.Sanjeev Kumar | O90: 0 | P90: 0 | Q90: DATA SCIENCE AND BIG DATA ANALYTICS | R90: Eligible for Acceleration | S90: =VLOOKUP(G90,[1]fc!$B$2:$D$707,3,0) -> 24CS2260F | T90: =VLOOKUP(G90,[1]fc!$B$2:$F$707,5,0) -> FOUNDATIONS OF CLOUD-NATIVE COMPUTING & DEVOPS | U90: 24CS2237F | V90: QUANTUM COMPUTING | W90: 24CS2255F | X90: ADVANCED DATA STRUCTURES | Y90: 24CS2263F | Z90: CYBER THREAT INTELLIGENCE | AA90: 24CS2224F | AB90: CRYPT ANALYSIS AND CYBER DEFENCE
A91: 90 | B91: 46177.584 | C91: 46177.584 | D91: 2400032974@kluniversity.in | E91: GUDLA KARTIK GUDLA KARTIK | G91: 2400032974 | H91: Gudla Kartik | I91: CSE-3 | J91: CRT (Campus Recruitment Training) | K91: Day Scholar | L91: Yes | M91: 8.09 | N91: Dr.Sanjeev Kumar | O91: 0 | P91: 0 | Q91: DATA SCIENCE AND BIG DATA ANALYTICS | R91: Eligible for Acceleration | S91: =VLOOKUP(G91,[1]fc!$B$2:$D$707,3,0) -> 24CS2224F | T91: =VLOOKUP(G91,[1]fc!$B$2:$F$707,5,0) -> CRYPT ANALYSIS AND CYBER DEFENCE | U91: 24CS2237F | V91: QUANTUM COMPUTING | W91: 24CS2255F | X91: ADVANCED DATA STRUCTURES | Y91: 24CS2263F | Z91: CYBER THREAT INTELLIGENCE | AA91: 24CS2224F | AB91: CRYPT ANALYSIS AND CYBER DEFENCE
A92: 91 | B92: 46177.717 | C92: 46177.718 | D92: 2400032955@kluniversity.in | E92: ADABALA SATYA SAI RAM ADABALA SATYA SAI RAM | G92: 2400032955 | H92: ADABALA.satya sai ram | I92: CSE-3 | J92: CRT (Campus Recruitment Training) | K92: Day Scholar | L92: Yes | M92: 8.55 | N92: Dr.Sanjeev Kumar | O92: 0 | P92: 0 | Q92: AI FOR COMPUTATIONAL INTELLIGENCE | R92: Eligible for Acceleration | S92: =VLOOKUP(G92,[1]fc!$B$2:$D$707,3,0) -> 24CS2239F | T92: =VLOOKUP(G92,[1]fc!$B$2:$F$707,5,0) -> SOFTWARE VERIFICATION AND VALIDATION | U92: 24CS2237F | V92: QUANTUM COMPUTING | W92: 24CS2255F | X92: ADVANCED DATA STRUCTURES | Y92: 24CS2227F | Z92: DATA ANALYTICS AND VISUALIZATION | AA92: 24CS2263F | AB92: CYBER THREAT INTELLIGENCE
A93: 92 | B93: 46177.443 | C93: 46177.443 | D93: 2400032383@kluniversity.in | E93: KOTAPOTHULA V N S RAGHUVEER KOTAPOTHULA V N S RAGHUVEER | G93: 2400032383 | H93: KOTAPOTHULA V N S RAGHUVEER | I93: CSE-3 | J93: CRT (Campus Recruitment Training) | K93: Hostller | L93: Yes | M93: 8.51 | N93: Mr. Seelam Visweswara Rao | O93: 0 | P93: 0 | Q93: AI-DRIVEN LANGUAGE TECHNOLOGIES | R93: Eligible for Acceleration | S93: =VLOOKUP(G93,[1]fc!$B$2:$D$707,3,0) -> 24CS2264F | T93: =VLOOKUP(G93,[1]fc!$B$2:$F$707,5,0) -> GAME SYSTEMS DESIGN AND DEVELOPMENT | U93: 24CS2237F | V93: QUANTUM COMPUTING | W93: 24CS2255F | X93: ADVANCED DATA STRUCTURES | Y93: 24CS2227F | Z93: DATA ANALYTICS AND VISUALIZATION | AA93: 24CS2263F | AB93: CYBER THREAT INTELLIGENCE
... A95: 94 | B95: 46207.393 | C95: 46207.393 | D95: 2400031963@kluniversity.in | E95: THOTAKURA NANDA KISHORE THOTAKURA NANDA KISHORE | G95: 2400031963 | H95: T.Nanda kishore | I95: CSE-3 | J95: CRT (Campus Recruitment Training) | K95: Day Scholar | L95: Yes | M95: 9.09 | N95: Mr. Seelam Visweswara Rao | O95: 0 | P95: 0 | Q95: AI-DRIVEN LANGUAGE TECHNOLOGIES | R95: Eligible for Acceleration | S95: =VLOOKUP(G95,[1]fc!$B$2:$D$707,3,0) -> 24CS2258F | T95: =VLOOKUP(G95,[1]fc!$B$2:$F$707,5,0) -> NATURAL LANGUAGE PROCESSING | U95: 24CS2237F | V95: QUANTUM COMPUTING | W95: 24CS2255F | X95: ADVANCED DATA STRUCTURES | Y95: 24CS2227F | Z95: DATA ANALYTICS AND VISUALIZATION | AA95: 24CS2263F | AB95: CYBER THREAT INTELLIGENCE
A96: 95 | B96: 46146.975 | C96: 46146.975 | D96: 2400031946@kluniversity.in | E96: BALUSU KALYAN RAM BALUSU KALYAN RAM | G96: 2400031946 | H96: B.KalyanRam | I96: CSE-3 | J96: CRT (Campus Recruitment Training) | K96: Hostller | L96: Yes | M96: 8.83 | N96: Dr.T.Vamsidhar | O96: 0 | P96: 0 | Q96: CYBER SECURITY AND BLOCKCHAIN TECHNOLOGY | R96: Eligible for Acceleration | S96: =VLOOKUP(G96,[1]fc!$B$2:$D$707,3,0) -> 24CS2264F | T96: =VLOOKUP(G96,[1]fc!$B$2:$F$707,5,0) -> GAME SYSTEMS DESIGN AND DEVELOPMENT | U96: 24CS2237F | V96: QUANTUM COMPUTING | W96: 24CS2255F | X96: ADVANCED DATA STRUCTURES | Y96: 24CS2227F | Z96: DATA ANALYTICS AND VISUALIZATION
A97: 96 | B97: 46177.388 | C97: 46177.388 | D97: 2400032653@kluniversity.in | E97: MACHINENI PURNA CHANDU MACHINENI PURNA CHANDU | G97: 2400032653 | H97: Machineni Purna chandu | I97: CSE-3 | J97: CRT (Campus Recruitment Training) | K97: Day Scholar | L97: Yes | M97: 8.45 | N97: Dr.T.Vamsidhar | O97: 0 | P97: 0 | Q97: AI SYSTEMS FOR VISUAL INTELLIGENCE | R97: Eligible for Acceleration | S97: =VLOOKUP(G97,[1]fc!$B$2:$D$707,3,0) -> 24CS2258F | T97: =VLOOKUP(G97,[1]fc!$B$2:$F$707,5,0) -> NATURAL LANGUAGE PROCESSING | U97: 24CS2237F | V97: QUANTUM COMPUTING | W97: 24CS2255F | X97: ADVANCED DATA STRUCTURES | Y97: 24CS2227F | Z97: DATA ANALYTICS AND VISUALIZATION | AA97: 24CS2263F | AB97: CYBER THREAT INTELLIGENCE
A98: 97 | B98: 46207.574 | C98: 46207.575 | D98: 2400030931@kluniversity.in | E98: SUVADA DILLESH SUVADA DILLESH | G98: 2400030931 | H98: S Dillesh | I98: CSE-3 | J98: Non-CRT | K98: Day Scholar | L98: Yes | M98: 8.34 | N98: Mr. Seelam Visweswara Rao | O98: 0 | P98: 0 | Q98: AI-DRIVEN LANGUAGE TECHNOLOGIES | R98: Eligible for Acceleration | S98: =VLOOKUP(G98,[1]fc!$B$2:$D$707,3,0) -> 24CS2224F | T98: =VLOOKUP(G98,[1]fc!$B$2:$F$707,5,0) -> CRYPT ANALYSIS AND CYBER DEFENCE | U98: 24CS2237F | V98: QUANTUM COMPUTING | W98: 24CS2255F | X98: ADVANCED DATA STRUCTURES | Y98: 24CS2227F | Z98: DATA ANALYTICS AND VISUALIZATION | AA98: 24CS2263F | AB98: CYBER THREAT INTELLIGENCE
A99: 98 | B99: 46177.557 | C99: 46177.558 | D99: 2400032061@kluniversity.in | E99: SAMI KISHORE KUMAR SAMI KISHORE KUMAR | G99: 2400032061 | H99: SAMI KISHORE KUMAR | I99: CSE-3 | J99: CRT (Campus Recruitment Training) | K99: Day Scholar | L99: Yes | M99: 9.37 | N99: Dr.T.Vamsidhar | O99: 0 | P99: 0 | Q99: CYBER SECURITY AND BLOCKCHAIN TECHNOLOGY | R99: Eligible for Acceleration | S99: =VLOOKUP(G99,[1]fc!$B$2:$D$707,3,0) -> 24CS2239F | T99: =VLOOKUP(G99,[1]fc!$B$2:$F$707,5,0) -> SOFTWARE VERIFICATION AND VALIDATION | U99: 24CS2237F | V99: QUANTUM COMPUTING | W99: 24CS2255F | X99: ADVANCED DATA STRUCTURES | Y99: 24CS2227F | Z99: DATA ANALYTICS AND VISUALIZATION
A100: 99 | B100: 46177.558 | C100: 46177.56 | D100: 2400031847@kluniversity.in | E100: CHALLAGULLA PRAVEEN CHALLAGULLA PRAVEEN | G100: 2400031847 | H100: Ch.praveen | I100: CSE-3 | J100: CRT (Campus Recruitment Training) | K100: Day Scholar | L100: Yes | M100: 8.19 | N100: Dr.T.Vamsidhar | O100: 0 | P100: 0 | Q100: CLOUD INFRASTRUCTURE DESIGN AND ENGINEERING | R100: Eligible for Acceleration | S100: =VLOOKUP(G100,[1]fc!$B$2:$D$707,3,0) -> 24CS2239F | T100: =VLOOKUP(G100,[1]fc!$B$2:$F$707,5,0) -> SOFTWARE VERIFICATION AND VALIDATION | U100: 24CS2237F | V100: QUANTUM COMPUTING | W100: 24CS2255F | X100: ADVANCED DATA STRUCTURES | Y100: 24CS2227F | Z100: DATA ANALYTICS AND VISUALIZATION | AA100: 24CS2263F | AB100: CYBER THREAT INTELLIGENCE
A101: 100 | B101: 46177.57 | C101: 46177.571 | D101: 2400032127@kluniversity.in | E101: ADITYA OM PAWAR ADITYA OM PAWAR | G101: 2400032127 | H101: Aditya om pawar | I101: CSE-3 | J101: Non-CRT | K101: Hostller | L101: Yes | M101: 8.62 | N101: Dr.T.Vamsidhar | O101: 0 | P101: 0 | Q101: DATA SCIENCE AND BIG DATA ANALYTICS | R101: Eligible for Acceleration | S101: =VLOOKUP(G101,[1]fc!$B$2:$D$707,3,0) -> 24CS2221F | T101: =VLOOKUP(G101,[1]fc!$B$2:$F$707,5,0) -> UX DESIGN | U101: 24CS2237F | V101: QUANTUM COMPUTING | W101: 24CS2255F | X101: ADVANCED DATA STRUCTURES | Y101: 24CS2263F | Z101: CYBER THREAT INTELLIGENCE | AA101: 24CS2224F | AB101: CRYPT ANALYSIS AND CYBER DEFENCE
A102: 101 | B102: 46177.622 | C102: 46177.631 | D102: 2400031680@kluniversity.in | E102: BONTHA DINESH REDDY BONTHA DINESH REDDY | G102: 2400031680 | H102: BONTHA DINESH REDDY | I102: CSE-3 | J102: CRT (Campus Recruitment Training) | K102: Hostller | L102: Yes | M102: 8.52 | N102: Dr.T.Vamsidhar | O102: 0 | P102: 0 | Q102: CYBER SECURITY AND BLOCKCHAIN TECHNOLOGY | R102: Eligible for Acceleration | S102: =VLOOKUP(G102,[1]fc!$B$2:$D$707,3,0) -> 24CS2237F | T102: =VLOOKUP(G102,[1]fc!$B$2:$F$707,5,0) -> QUANTUM COMPUTING | U102: 24CS2237F | V102: QUANTUM COMPUTING | W102: 24CS2255F | X102: ADVANCED DATA STRUCTURES | Y102: 24CS2227F | Z102: DATA ANALYTICS AND VISUALIZATION
A103: 102 | B103: 46177.935 | C103: 46177.936 | D103: 2400030434@kluniversity.in | E103: TENKA PRIDHVI RAJ TENKA PRIDHVI RAJ | G103: 2400030434 | H103: Tenka. Prudhvi raj | I103: CSE-3 | J103: CRT (Campus Recruitment Training) | K103: Hostller | L103: Yes | M103: 8.76 | N103: Dr.T.Vamsidhar | O103: 0 | P103: 0 | Q103: DATA SCIENCE AND BIG DATA ANALYTICS | R103: Eligible for Acceleration | S103: =VLOOKUP(G103,[1]fc!$B$2:$D$707,3,0) -> 24CS2256F | T103: =VLOOKUP(G103,[1]fc!$B$2:$F$707,5,0) -> FOUNDATIONS OF BLOCK CHAIN ENGINEERING | U103: 24CS2237F | V103: QUANTUM COMPUTING | W103: 24CS2255F | X103: ADVANCED DATA STRUCTURES | Y103: 24CS2263F | Z103: CYBER THREAT INTELLIGENCE | AA103: 24CS2224F | AB103: CRYPT ANALYSIS AND CYBER DEFENCE
A104: 103 | B104: 46207.764 | C104: 46207.765 | D104: 2400032607@kluniversity.in | E104: KALAGARA VENKATA RAMAN KALAGARA VENKATA RAMAN | G104: 2400032607 | H104: Kalagara Venkata Raman | I104: CSE-3 | J104: CRT (Campus Recruitment Training) | K104: Hostller | L104: Yes | M104: 8.49 | N104: Dr.T.Vamsidhar | O104: 0 | P104: 0 | Q104: DATA SCIENCE AND BIG DATA ANALYTICS | R104: Eligible for Acceleration | S104: =VLOOKUP(G104,[1]fc!$B$2:$D$707,3,0) -> 24CS2258F | T104: =VLOOKUP(G104,[1]fc!$B$2:$F$707,5,0) -> NATURAL LANGUAGE PROCESSING | U104: 24CS2237F | V104: QUANTUM COMPUTING | W104: 24CS2255F | X104: ADVANCED DATA STRUCTURES | Y104: 24CS2263F | Z104: CYBER THREAT INTELLIGENCE | AA104: 24CS2224F | AB104: CRYPT ANALYSIS AND CYBER DEFENCE
A105: 104 | B105: 46146.42 | C105: 46146.42 | D105: 2400031458@kluniversity.in | E105: KONANGI LINGAIAH KONANGI LINGAIAH | G105: 2400031458 | H105: Konangi lingaiah | I105: CSE-3 | J105: CRT (Campus Recruitment Training) | K105: Day Scholar | L105: Yes | M105: 8.08 | N105: Mr. Stalin Babu Jalli | O105: 0 | P105: 0 | Q105: AI-DRIVEN LANGUAGE TECHNOLOGIES | R105: Eligible for Acceleration | S105: =VLOOKUP(G105,[1]fc!$B$2:$D$707,3,0) -> 24CS2227F | T105: =VLOOKUP(G105,[1]fc!$B$2:$F$707,5,0) -> DATA ANALYTICS AND VISUALIZATION | U105: 24CS2237F | V105: QUANTUM COMPUTING | W105: 24CS2255F | X105: ADVANCED DATA STRUCTURES | Y105: 24CS2227F | Z105: DATA ANALYTICS AND VISUALIZATION | AA105: 24CS2263F | AB105: CYBER THREAT INTELLIGENCE
...

Sheet CHECK
A1: Department of CSE-3 - Acceleration Eligibile List
A2: 1 | B2: Student Roll Number | C2: <<Enter Your Roll Number>>
A3: 2 | B3: Student Name | C3: =VLOOKUP(C2,'198'!G2:H199,2,0) -> #N/A
A4: 3 | B4: Department | C4: =VLOOKUP(C2,'198'!G2:I199,3,0) -> #N/A
A5: 4 | B5: Select Category (Interested in Placement- Choose CRT otherwise Choose Non-CRT) | C5: =VLOOKUP(C2,'198'!G2:J199,4,0) -> #N/A
A6: 5 | B6: Are you a Day Scholar or Hosteller student? | C6: =VLOOKUP(C2,'198'!G2:K199,5,0) -> #N/A
A7: 6 | B7: counsellor | C7: =VLOOKUP(C2,'198'!G2:N199,8,0) -> #N/A
A8: 7 | B8: CGPA | C8: =VLOOKUP(C2,'198'!G2:M199,7,0) -> #N/A
A9: 8 | B9: Backlogs count | C9: =VLOOKUP(C2,'198'!G2:O199,9,0) -> #N/A
A10: 10 | B10: Specialization | C10: =VLOOKUP(C2,'198'!G2:Q199,11,0) -> #N/A
A11: 11 | B11: Acceleration | C11: =VLOOKUP(C2,'198'!G2:R199,12,0) -> #N/A
A12: 12 | B12: Previous semester 2-2 semester registered course | C12: =VLOOKUP(C2,'198'!G2:S199,13,0) -> #N/A
A13: 13 | B13: Previous semester 2-2 course name | C13: =VLOOKUP(C2,'198'!G2:T199,14,0) -> #N/A
A14: NOTE- Please check your previous semester Flexi Core registration and register for a different Flexi Core course as per the Flexi Core table.
